,data,open,high,low,close,Volume,name
172736,20150102,33400,33450,32250,32250,1015634,LG디스플레이
172737,20150105,32300,32500,31200,32400,1574513,LG디스플레이
172738,20150106,32600,34300,32300,33550,2052344,LG디스플레이
172739,20150107,33700,34750,33700,34400,1270634,LG디스플레이
172740,20150108,34700,35450,34100,35300,1612725,LG디스플레이
172741,20150109,35650,36150,35050,35150,1521225,LG디스플레이
172742,20150112,35050,36100,35000,35100,822098,LG디스플레이
172743,20150113,35250,35650,35050,35250,928202,LG디스플레이
172744,20150114,35250,36850,34850,36250,1719254,LG디스플레이
172745,20150115,36250,36950,35850,36350,946784,LG디스플레이
172746,20150116,36400,36400,35050,35900,881326,LG디스플레이
172747,20150119,35650,36800,35300,35900,515708,LG디스플레이
172748,20150120,35600,35850,35100,35250,700740,LG디스플레이
172749,20150121,35350,36300,35350,36200,946205,LG디스플레이
172750,20150122,36100,36200,34750,34800,1217909,LG디스플레이
172751,20150123,35300,35400,34750,35050,895059,LG디스플레이
172752,20150126,35050,35350,34550,35250,633832,LG디스플레이
172753,20150127,35400,36500,35300,36500,1065672,LG디스플레이
172754,20150128,36500,37150,35600,36050,1431365,LG디스플레이
172755,20150129,36900,36950,36300,36900,1122324,LG디스플레이
172756,20150130,37050,37200,35650,36050,1643295,LG디스플레이
172757,20150202,35850,36000,34800,35000,1250040,LG디스플레이
172758,20150203,35000,35100,34200,34900,1440783,LG디스플레이
172759,20150204,35200,35950,35150,35950,939625,LG디스플레이
172760,20150205,35700,35950,34650,34800,1016858,LG디스플레이
172761,20150206,34750,35550,34600,35100,1292584,LG디스플레이
172762,20150209,35350,35900,35250,35250,591880,LG디스플레이
172763,20150210,34800,35400,34300,34650,792587,LG디스플레이
172764,20150211,34800,35400,34350,35250,864760,LG디스플레이
172765,20150212,35300,36100,35300,36100,1095965,LG디스플레이
172766,20150213,36300,36750,35700,36100,819673,LG디스플레이
172767,20150216,36000,36400,34900,35200,766869,LG디스플레이
172768,20150217,34950,35500,34550,34800,639800,LG디스플레이
172769,20150223,34850,35000,33400,34050,2136477,LG디스플레이
172770,20150224,34050,34850,34000,34250,1256106,LG디스플레이
172771,20150225,34600,34850,34000,34150,1271155,LG디스플레이
172772,20150226,34400,34400,34150,34350,657837,LG디스플레이
172773,20150227,34400,34850,33850,34000,1350006,LG디스플레이
172774,20150302,34000,34350,33200,33500,1452499,LG디스플레이
172775,20150303,33550,33600,32100,32200,3617932,LG디스플레이
172776,20150304,32400,32750,32250,32700,1843425,LG디스플레이
172777,20150305,32250,32500,31700,31900,2730624,LG디스플레이
172778,20150306,32250,32300,31700,31800,1993414,LG디스플레이
172779,20150309,32000,32350,31100,31350,2157522,LG디스플레이
172780,20150310,31600,31700,30650,30650,2187479,LG디스플레이
172781,20150311,30750,31150,30700,30900,2375144,LG디스플레이
172782,20150312,31000,31750,30950,31400,2750388,LG디스플레이
172783,20150313,31400,31600,30750,30800,1381925,LG디스플레이
172784,20150316,31350,32200,31200,31850,2176361,LG디스플레이
172785,20150317,32400,32500,32000,32500,1681168,LG디스플레이
172786,20150318,32700,33200,32350,32800,1868983,LG디스플레이
172787,20150319,33350,33350,32550,32800,1369029,LG디스플레이
172788,20150320,33100,33100,32350,32750,1269995,LG디스플레이
172789,20150323,33050,33150,32050,32300,1671201,LG디스플레이
172790,20150324,32400,32850,32000,32700,967560,LG디스플레이
172791,20150325,32900,33050,32350,32500,971124,LG디스플레이
172792,20150326,32250,32300,31750,31950,1071896,LG디스플레이
172793,20150327,31950,32450,31900,32300,941713,LG디스플레이
172794,20150330,32000,32100,30800,31550,1890749,LG디스플레이
172795,20150331,32000,32000,31050,31300,1659962,LG디스플레이
172796,20150401,31500,32000,31150,31700,1202375,LG디스플레이
172797,20150402,32050,32550,31850,32350,1172186,LG디스플레이
172798,20150403,32700,32750,31550,31600,1106111,LG디스플레이
172799,20150406,31500,31900,31200,31800,975617,LG디스플레이
172800,20150407,31850,32100,31100,31150,1188263,LG디스플레이
172801,20150408,30850,31150,30200,30600,2435110,LG디스플레이
172802,20150409,30850,30900,30200,30550,1382620,LG디스플레이
172803,20150410,30600,31150,30550,30650,1280344,LG디스플레이
172804,20150413,30750,31150,30750,31050,1341848,LG디스플레이
172805,20150414,31200,31300,30750,30950,1399829,LG디스플레이
172806,20150415,31200,31300,30750,30800,1689918,LG디스플레이
172807,20150416,31100,32000,31000,32000,2558681,LG디스플레이
172808,20150417,32100,32450,31550,31750,1806025,LG디스플레이
172809,20150420,31800,32300,31700,31950,1608949,LG디스플레이
172810,20150421,32100,32250,30550,30650,4689181,LG디스플레이
172811,20150422,30850,31150,30300,30650,3493484,LG디스플레이
172812,20150423,32300,32450,31200,31450,6793389,LG디스플레이
172813,20150424,31700,31900,30550,30750,3690933,LG디스플레이
172814,20150427,31000,31150,30750,30750,1925727,LG디스플레이
172815,20150428,31050,31100,30750,30900,1432619,LG디스플레이
172816,20150429,30950,30950,30300,30450,1776853,LG디스플레이
172817,20150430,30250,30600,29600,29850,2293932,LG디스플레이
172818,20150504,30000,30200,29850,30100,793078,LG디스플레이
172819,20150506,30050,30400,29950,30150,1188794,LG디스플레이
172820,20150507,30000,30450,29850,30000,955696,LG디스플레이
172821,20150508,30050,30200,29900,29950,726912,LG디스플레이
172822,20150511,30150,30350,29850,29900,1020000,LG디스플레이
172823,20150512,29850,29850,29200,29300,1778218,LG디스플레이
172824,20150513,29200,29600,29100,29300,1142711,LG디스플레이
172825,20150514,29550,30350,29400,30150,1540648,LG디스플레이
172826,20150515,30350,30450,29850,30000,709580,LG디스플레이
172827,20150518,30200,30250,29650,29850,669066,LG디스플레이
172828,20150519,30000,30250,29550,30100,1169291,LG디스플레이
172829,20150520,30350,30950,30250,30650,1753520,LG디스플레이
172830,20150521,30800,30900,30200,30300,1046365,LG디스플레이
172831,20150522,30350,30900,30100,30900,1292856,LG디스플레이
172832,20150526,30900,30950,29950,30000,1368739,LG디스플레이
172833,20150527,30050,30250,29650,30000,1424270,LG디스플레이
172834,20150528,30300,30350,29800,30050,1092595,LG디스플레이
172835,20150529,29750,29950,29100,29250,2581944,LG디스플레이
172836,20150601,29350,29350,28700,29000,1393097,LG디스플레이
172837,20150602,29450,30000,29250,29900,2325000,LG디스플레이
172838,20150603,29900,30100,29450,29750,1153176,LG디스플레이
172839,20150604,29700,30200,29650,29900,1316008,LG디스플레이
172840,20150605,29800,29800,28550,28800,2294492,LG디스플레이
172841,20150608,28750,29150,28500,28850,810335,LG디스플레이
172842,20150609,28800,28950,28150,28200,1867645,LG디스플레이
172843,20150610,27950,28400,27650,28000,1833760,LG디스플레이
172844,20150611,28300,28350,27500,27500,1831162,LG디스플레이
172845,20150612,27500,27650,26700,26750,2530218,LG디스플레이
172846,20150615,26800,27550,26750,27200,1569497,LG디스플레이
172847,20150616,27100,27250,26250,26400,1393587,LG디스플레이
172848,20150617,26250,26650,26150,26350,1361888,LG디스플레이
172849,20150618,26500,26550,26250,26450,1111205,LG디스플레이
172850,20150619,26700,27650,26650,27050,1656731,LG디스플레이
172851,20150622,27000,27050,26350,26500,1217356,LG디스플레이
172852,20150623,26700,26750,25100,25250,3972476,LG디스플레이
172853,20150624,25500,25850,25200,25450,2252084,LG디스플레이
172854,20150625,25400,25550,24900,25000,1916377,LG디스플레이
172855,20150626,25000,25450,25000,25400,1303499,LG디스플레이
172856,20150629,25000,25250,24600,25150,1274234,LG디스플레이
172857,20150630,25350,25850,25200,25850,1799764,LG디스플레이
172858,20150701,26000,26050,25400,25450,1284345,LG디스플레이
172859,20150702,25500,25550,24900,25000,1477675,LG디스플레이
172860,20150703,25050,25100,24850,25050,890506,LG디스플레이
172861,20150706,25000,25250,24550,24550,964329,LG디스플레이
172862,20150707,24800,25700,24650,25550,1787956,LG디스플레이
172863,20150708,25600,26000,25000,25050,1620787,LG디스플레이
172864,20150709,25100,25650,24600,25550,1113698,LG디스플레이
172865,20150710,25550,25600,24700,24900,1552035,LG디스플레이
172866,20150713,24900,25250,24600,25000,918968,LG디스플레이
172867,20150714,25150,25200,24550,24650,1119990,LG디스플레이
172868,20150715,24650,25150,24650,24900,776221,LG디스플레이
172869,20150716,25050,25250,24700,24900,844096,LG디스플레이
172870,20150717,25050,25050,23650,23800,2327325,LG디스플레이
172871,20150720,23550,23700,22850,23350,1760180,LG디스플레이
172872,20150721,23350,23750,23300,23600,1229325,LG디스플레이
172873,20150722,23350,24450,23200,23300,1907695,LG디스플레이
172874,20150723,23350,23750,22150,22950,3945589,LG디스플레이
172875,20150724,22950,23100,22250,22950,1877262,LG디스플레이
172876,20150727,22500,23650,22250,22950,2845664,LG디스플레이
172877,20150728,22850,23400,22700,22850,1155201,LG디스플레이
172878,20150729,22800,23200,22700,23200,1728601,LG디스플레이
172879,20150730,23150,23200,22400,22700,1838891,LG디스플레이
172880,20150731,22400,22750,21550,22100,2741653,LG디스플레이
172881,20150803,22150,22750,22150,22300,1459698,LG디스플레이
172882,20150804,22850,23950,22850,23350,3851169,LG디스플레이
172883,20150805,23450,23750,23050,23400,1663492,LG디스플레이
172884,20150806,23350,24300,23250,23950,3881396,LG디스플레이
172885,20150807,23900,23900,22750,22800,2453444,LG디스플레이
172886,20150810,22900,22950,22250,22800,922631,LG디스플레이
172887,20150811,23150,23200,22700,22700,1182363,LG디스플레이
172888,20150812,22600,22950,22500,22850,1184647,LG디스플레이
172889,20150813,22900,23100,22550,22850,1379314,LG디스플레이
172890,20150817,22950,23100,22200,22200,2004287,LG디스플레이
172891,20150818,22300,23150,22300,22800,1999372,LG디스플레이
172892,20150819,22700,22850,22150,22350,1902243,LG디스플레이
172893,20150820,22050,22600,22050,22300,1012110,LG디스플레이
172894,20150821,21500,21750,21100,21150,2210630,LG디스플레이
172895,20150824,20700,21500,20500,20800,1931494,LG디스플레이
172896,20150825,20800,21750,20550,21450,2004178,LG디스플레이
172897,20150826,21500,22200,21500,22050,1340466,LG디스플레이
172898,20150827,22250,22400,21900,22000,1326543,LG디스플레이
172899,20150828,22300,22800,22200,22650,1179761,LG디스플레이
172900,20150831,22750,23350,22500,23050,1819438,LG디스플레이
172901,20150901,23450,23650,22800,23050,1829956,LG디스플레이
172902,20150902,22400,23050,22250,22850,1232038,LG디스플레이
172903,20150903,23050,24150,23050,24050,2788836,LG디스플레이
172904,20150904,24350,25150,24250,24800,3406633,LG디스플레이
172905,20150907,25050,25300,24450,25050,1602005,LG디스플레이
172906,20150908,25050,25300,24350,25150,1903949,LG디스플레이
172907,20150909,25500,25650,25100,25300,1766867,LG디스플레이
172908,20150910,25050,25400,24650,25400,1625452,LG디스플레이
172909,20150911,25100,25300,24850,25000,1395094,LG디스플레이
172910,20150914,24900,25100,23900,24400,2315239,LG디스플레이
172911,20150915,24400,24550,24000,24200,1399983,LG디스플레이
172912,20150916,24350,25200,24200,25050,1734501,LG디스플레이
172913,20150917,25200,25300,24700,25150,1264793,LG디스플레이
172914,20150918,25150,25200,24300,24650,1302838,LG디스플레이
172915,20150921,24300,24500,23950,24350,1045438,LG디스플레이
172916,20150922,24300,24400,23000,23200,3928497,LG디스플레이
172917,20150923,22800,23000,22500,22800,2110259,LG디스플레이
172918,20150924,22650,23100,22500,22550,1521607,LG디스플레이
172919,20150925,22250,22900,22250,22750,907801,LG디스플레이
172920,20150930,22450,22650,22100,22650,1373371,LG디스플레이
172921,20151001,22700,22800,22350,22450,1087162,LG디스플레이
172922,20151002,22450,22750,22350,22500,935825,LG디스플레이
172923,20151005,22600,22650,22350,22450,934279,LG디스플레이
172924,20151006,22600,22900,22600,22800,1042878,LG디스플레이
172925,20151007,22750,23050,22650,22900,989476,LG디스플레이
172926,20151008,22750,23050,22700,23050,1321562,LG디스플레이
172927,20151012,23350,23350,23000,23150,1050817,LG디스플레이
172928,20151013,23100,23250,22800,23000,962196,LG디스플레이
172929,20151014,22850,22950,22500,22750,1226501,LG디스플레이
172930,20151015,22700,24000,22650,23900,2460803,LG디스플레이
172931,20151016,24150,24300,23450,23650,1116325,LG디스플레이
172932,20151019,23650,24000,23500,23800,815450,LG디스플레이
172933,20151020,23700,23800,23150,23400,1181905,LG디스플레이
172934,20151021,23100,23900,23100,23450,1830418,LG디스플레이
172935,20151022,23550,24250,23200,23550,1808917,LG디스플레이
172936,20151023,22750,22850,22000,22100,3942604,LG디스플레이
172937,20151026,22250,22450,21850,22050,1492608,LG디스플레이
172938,20151027,21950,22000,21650,21800,1269262,LG디스플레이
172939,20151028,21850,22100,21250,21300,1795717,LG디스플레이
172940,20151029,21450,22250,21450,21750,2003254,LG디스플레이
172941,20151030,21850,22100,21550,21600,1006532,LG디스플레이
172942,20151102,21550,21800,21300,21800,728949,LG디스플레이
172943,20151103,21900,22200,21850,22200,1025899,LG디스플레이
172944,20151104,22400,22400,21900,21950,951112,LG디스플레이
172945,20151105,21950,22350,21950,22350,1109940,LG디스플레이
172946,20151106,22200,22300,21600,21800,1284498,LG디스플레이
172947,20151109,21750,21950,21450,21600,693428,LG디스플레이
172948,20151110,21400,22050,21400,21950,916389,LG디스플레이
172949,20151111,21800,21950,21500,21600,877205,LG디스플레이
172950,20151112,21600,21900,21600,21850,613839,LG디스플레이
172951,20151113,21550,21700,21400,21450,779829,LG디스플레이
172952,20151116,20900,21150,20500,20600,1521253,LG디스플레이
172953,20151117,21000,21100,20750,20850,835492,LG디스플레이
172954,20151118,20950,21100,20800,20800,613539,LG디스플레이
172955,20151119,20950,21700,20950,21350,1006444,LG디스플레이
172956,20151120,21600,22700,21600,22550,2830286,LG디스플레이
172957,20151123,22300,22500,21800,21950,1579802,LG디스플레이
172958,20151124,21900,23600,21900,23550,3949125,LG디스플레이
172959,20151125,23650,25200,23650,24900,6489582,LG디스플레이
172960,20151126,25100,25450,24750,25150,3652107,LG디스플레이
172961,20151127,25350,26100,25300,25700,3948581,LG디스플레이
172962,20151130,25550,25550,24700,25400,2810711,LG디스플레이
172963,20151201,25450,25700,24750,25050,2729627,LG디스플레이
172964,20151202,25150,25300,24700,25000,1233522,LG디스플레이
172965,20151203,24900,24950,24400,24800,2197860,LG디스플레이
172966,20151204,24550,25800,24450,25750,3117024,LG디스플레이
172967,20151207,26050,26250,25800,25900,2834699,LG디스플레이
172968,20151208,25700,25700,25200,25500,1718944,LG디스플레이
172969,20151209,25650,25650,24750,25200,1285108,LG디스플레이
172970,20151210,25150,25350,24650,25050,1721388,LG디스플레이
172971,20151211,24600,24800,24450,24550,1844221,LG디스플레이
172972,20151214,24200,24250,23550,24000,1979950,LG디스플레이
172973,20151215,24050,24650,23800,24500,1214788,LG디스플레이
172974,20151216,24850,25000,24450,24650,1545059,LG디스플레이
172975,20151217,24500,25100,24450,24750,1409187,LG디스플레이
172976,20151218,24300,24400,23600,23900,2193602,LG디스플레이
172977,20151221,23950,25500,23950,25250,2128047,LG디스플레이
172978,20151222,25250,26150,24600,25900,3271586,LG디스플레이
172979,20151223,25900,26300,25350,25750,1322313,LG디스플레이
172980,20151224,25900,26000,25200,25200,896432,LG디스플레이
172981,20151228,25400,25600,24600,24600,879785,LG디스플레이
172982,20151229,24550,24800,24150,24300,853799,LG디스플레이
172983,20151230,24600,25500,24500,24550,1479558,LG디스플레이
172984,20160104,24500,24500,23800,23900,822704,LG디스플레이
172985,20160105,23850,24450,23650,23800,1139556,LG디스플레이
172986,20160106,24150,24400,22800,23100,2203154,LG디스플레이
172987,20160107,22750,23350,22300,22600,1297944,LG디스플레이
172988,20160108,22250,22550,22050,22450,1218193,LG디스플레이
172989,20160111,22200,22300,21950,22000,1115775,LG디스플레이
172990,20160112,22000,22400,21950,22200,916043,LG디스플레이
172991,20160113,22300,22550,22050,22300,1098347,LG디스플레이
172992,20160114,22100,23400,21850,23000,2083708,LG디스플레이
172993,20160115,23150,23400,22850,22950,1857073,LG디스플레이
172994,20160118,22450,22700,22150,22300,1746191,LG디스플레이
172995,20160119,22300,22350,21500,22000,1894288,LG디스플레이
172996,20160120,21900,22250,21200,21200,1705909,LG디스플레이
172997,20160121,21250,21700,21150,21500,1454419,LG디스플레이
172998,20160122,21750,22000,21550,21950,1314561,LG디스플레이
172999,20160125,22250,22300,21750,21900,862183,LG디스플레이
173000,20160126,21850,22350,21800,21800,909850,LG디스플레이
173001,20160127,22250,23150,22050,22800,1873250,LG디스플레이
173002,20160128,22600,22600,21550,22200,2143899,LG디스플레이
173003,20160129,21800,22000,21600,21900,1410518,LG디스플레이
173004,20160201,22050,22600,21750,22550,1181607,LG디스플레이
173005,20160202,22350,22450,22150,22250,614255,LG디스플레이
173006,20160203,22000,22000,21400,21450,1436085,LG디스플레이
173007,20160204,21500,21700,21250,21400,1626039,LG디스플레이
173008,20160205,21500,21700,21300,21500,1576410,LG디스플레이
173009,20160211,21000,21300,20900,20950,1223593,LG디스플레이
173010,20160212,20850,21550,20800,21250,1359721,LG디스플레이
173011,20160215,21450,21700,21200,21500,1007800,LG디스플레이
173012,20160216,21650,21800,21500,21650,1103762,LG디스플레이
173013,20160217,21700,22250,21700,21850,2404271,LG디스플레이
173014,20160218,22300,22750,22200,22500,3460620,LG디스플레이
173015,20160219,22750,23350,22700,23000,2554854,LG디스플레이
173016,20160222,22850,23500,22650,23350,1599193,LG디스플레이
173017,20160223,23500,23500,23050,23300,1092566,LG디스플레이
173018,20160224,23250,24700,23150,24050,2821483,LG디스플레이
173019,20160225,24250,24550,23200,23500,1957179,LG디스플레이
173020,20160226,23500,24600,23500,24450,3149678,LG디스플레이
173021,20160229,24700,24950,24200,24500,1568541,LG디스플레이
173022,20160302,25200,25300,24750,24850,1813964,LG디스플레이
173023,20160303,25100,25100,24050,24250,1609696,LG디스플레이
173024,20160304,24200,24250,23550,24000,1326743,LG디스플레이
173025,20160307,23900,24100,23550,23800,1130319,LG디스플레이
173026,20160308,23950,25000,23900,24700,2094812,LG디스플레이
173027,20160309,24800,24850,23900,24200,1622499,LG디스플레이
173028,20160310,24350,24700,24250,24500,1621718,LG디스플레이
173029,20160311,24500,25100,24450,25000,1979146,LG디스플레이
173030,20160314,25500,25600,24700,24700,1860874,LG디스플레이
173031,20160315,24950,25150,24750,25000,1208723,LG디스플레이
173032,20160316,25100,25150,24350,24500,855802,LG디스플레이
173033,20160317,24550,25000,24400,24700,876906,LG디스플레이
173034,20160318,24750,24900,24300,24650,1037450,LG디스플레이
173035,20160321,24950,25450,24900,25050,1656158,LG디스플레이
173036,20160322,25400,26400,25350,26400,3086235,LG디스플레이
173037,20160323,26350,27050,26150,26950,2473974,LG디스플레이
173038,20160324,26650,26700,26100,26500,1733518,LG디스플레이
173039,20160325,26500,26600,25550,25550,1727724,LG디스플레이
173040,20160328,25600,25650,24850,24950,1486774,LG디스플레이
173041,20160329,25250,25850,25150,25700,1456302,LG디스플레이
173042,20160330,25800,26600,25800,26550,1480959,LG디스플레이
173043,20160331,27000,27000,26200,26600,1955271,LG디스플레이
173044,20160401,26350,26600,26100,26350,851899,LG디스플레이
173045,20160404,26450,26800,26150,26400,841191,LG디스플레이
173046,20160405,26100,26650,26100,26350,594744,LG디스플레이
173047,20160406,26050,26250,25800,25900,1027199,LG디스플레이
173048,20160407,25950,27000,25700,27000,1945700,LG디스플레이
173049,20160408,26950,27450,26400,27400,2285835,LG디스플레이
173050,20160411,27350,27750,27150,27350,1074755,LG디스플레이
173051,20160412,27350,27800,27200,27350,652468,LG디스플레이
173052,20160414,27600,27600,26600,26850,1495331,LG디스플레이
173053,20160415,25800,25800,24600,25050,6210164,LG디스플레이
173054,20160418,24950,25250,24600,25050,1578296,LG디스플레이
173055,20160419,25350,25550,25000,25050,1261950,LG디스플레이
173056,20160420,25050,25650,25050,25400,1440146,LG디스플레이
173057,20160421,25800,26300,25750,26300,2112529,LG디스플레이
173058,20160422,26250,26250,25800,25900,767445,LG디스플레이
173059,20160425,26000,26200,25550,25650,671273,LG디스플레이
173060,20160426,25650,26400,25300,25900,1096646,LG디스플레이
173061,20160427,25750,26450,24900,24900,2034400,LG디스플레이
173062,20160428,24800,24850,23550,23850,3311300,LG디스플레이
173063,20160429,23700,24100,23450,23900,1422448,LG디스플레이
173064,20160502,23850,24150,23550,23950,806142,LG디스플레이
173065,20160503,24000,24650,24000,24400,1381462,LG디스플레이
173066,20160504,24250,24550,24100,24250,931990,LG디스플레이
173067,20160509,24200,24550,23550,23900,1137409,LG디스플레이
173068,20160510,23700,24650,23600,24400,1222568,LG디스플레이
173069,20160511,24500,24800,24300,24500,949812,LG디스플레이
173070,20160512,24400,25450,24350,25350,1396488,LG디스플레이
173071,20160513,25100,25150,24350,24550,1410734,LG디스플레이
173072,20160516,24650,24850,24400,24450,481660,LG디스플레이
173073,20160517,24700,25000,24300,24400,628123,LG디스플레이
173074,20160518,24500,25000,24300,24900,772539,LG디스플레이
173075,20160519,24900,25050,24300,24500,797303,LG디스플레이
173076,20160520,24700,25600,24650,25500,1864825,LG디스플레이
173077,20160523,25600,25750,25250,25450,654909,LG디스플레이
173078,20160524,25750,26000,25400,25600,827666,LG디스플레이
173079,20160525,25950,26100,25700,26100,1130701,LG디스플레이
173080,20160526,26000,26100,25500,25600,683459,LG디스플레이
173081,20160527,25450,25950,25400,25800,635835,LG디스플레이
173082,20160530,26100,26100,25550,25700,533459,LG디스플레이
173083,20160531,25600,25950,25400,25800,1218400,LG디스플레이
173084,20160601,26000,26200,25500,25500,870933,LG디스플레이
173085,20160602,25600,25650,25150,25300,833919,LG디스플레이
173086,20160603,25150,25350,24000,24150,2692962,LG디스플레이
173087,20160607,24200,24650,24150,24650,1561296,LG디스플레이
173088,20160608,24650,24700,24300,24600,935823,LG디스플레이
173089,20160609,24600,24600,23950,24050,1963553,LG디스플레이
173090,20160610,24000,24350,24000,24050,898721,LG디스플레이
173091,20160613,24000,24150,23750,24050,686228,LG디스플레이
173092,20160614,23750,24000,23550,23600,998248,LG디스플레이
173093,20160615,23750,24650,23700,24450,1508134,LG디스플레이
173094,20160616,24600,24650,24100,24100,640705,LG디스플레이
173095,20160617,24200,24500,24150,24200,648228,LG디스플레이
173096,20160620,24600,24950,24400,24850,843461,LG디스플레이
173097,20160621,24750,25150,24400,25150,1207417,LG디스플레이
173098,20160622,25200,25650,24950,25450,1062869,LG디스플레이
173099,20160623,25400,25450,25000,25300,594817,LG디스플레이
173100,20160624,25500,25500,23650,24600,2019693,LG디스플레이
173101,20160627,24150,24700,24150,24650,764378,LG디스플레이
173102,20160628,24350,25150,24350,25050,739726,LG디스플레이
173103,20160629,25400,25850,25200,25650,1116744,LG디스플레이
173104,20160630,26250,26700,26000,26400,2292908,LG디스플레이
173105,20160701,26500,26900,26150,26650,1422346,LG디스플레이
173106,20160704,26700,27350,26700,26800,1941750,LG디스플레이
173107,20160705,26800,27000,26300,26900,663647,LG디스플레이
173108,20160706,26850,27100,26600,26700,924287,LG디스플레이
173109,20160707,27050,27800,26950,27800,1964215,LG디스플레이
173110,20160708,27800,28900,27700,28850,2608159,LG디스플레이
173111,20160711,29050,29100,28200,28900,1424759,LG디스플레이
173112,20160712,28950,28950,28250,28550,933141,LG디스플레이
173113,20160713,28650,28900,28150,28150,1339483,LG디스플레이
173114,20160714,28400,28850,28350,28500,1208054,LG디스플레이
173115,20160715,28650,29150,28500,28900,1141992,LG디스플레이
173116,20160718,29000,29200,28500,28750,748189,LG디스플레이
173117,20160719,29200,29700,29100,29550,1866012,LG디스플레이
173118,20160720,29700,29850,29100,29700,1156886,LG디스플레이
173119,20160721,29750,30150,29550,29800,1389020,LG디스플레이
173120,20160722,30000,30100,29600,30100,1077856,LG디스플레이
173121,20160725,29950,30050,29100,29100,1026182,LG디스플레이
173122,20160726,29200,29500,28850,29250,999809,LG디스플레이
173123,20160727,29450,30500,29000,30450,1812251,LG디스플레이
173124,20160728,31000,31400,30050,30650,2366912,LG디스플레이
173125,20160729,30750,31400,30200,31000,1906243,LG디스플레이
173126,20160801,31450,31600,31000,31600,1310937,LG디스플레이
173127,20160802,30950,31100,30250,30550,1324020,LG디스플레이
173128,20160803,30200,31200,29950,30650,1241947,LG디스플레이
173129,20160804,30800,31350,30500,30850,702549,LG디스플레이
173130,20160805,31250,31350,30900,31100,924487,LG디스플레이
173131,20160808,31350,31350,30100,30350,1632293,LG디스플레이
173132,20160809,30250,31450,30050,31350,1057494,LG디스플레이
173133,20160810,31000,31300,30150,30250,1398287,LG디스플레이
173134,20160811,30400,30950,30350,30950,980889,LG디스플레이
173135,20160812,30800,31100,30300,30700,1041615,LG디스플레이
173136,20160816,31200,31200,30300,30450,1180940,LG디스플레이
173137,20160817,30450,30600,30250,30600,813690,LG디스플레이
173138,20160818,30650,31200,30550,30950,846322,LG디스플레이
173139,20160819,31300,32350,31300,32150,2495539,LG디스플레이
173140,20160822,32250,32350,31800,32150,890763,LG디스플레이
173141,20160823,32200,32250,31250,31500,1075533,LG디스플레이
173142,20160824,31500,31600,30950,31400,805340,LG디스플레이
173143,20160825,31400,31400,30350,30800,1286491,LG디스플레이
173144,20160826,30750,30750,30250,30500,950874,LG디스플레이
173145,20160829,30350,30750,30150,30500,651113,LG디스플레이
173146,20160830,30550,31200,30550,31200,855114,LG디스플레이
173147,20160831,30800,31000,29700,30050,1996339,LG디스플레이
173148,20160901,30000,30000,29450,29650,1085488,LG디스플레이
173149,20160902,29650,29900,28700,29750,1587592,LG디스플레이
173150,20160905,29950,30950,29950,30850,1077754,LG디스플레이
173151,20160906,31000,31350,30650,30800,670851,LG디스플레이
173152,20160907,30700,30950,30500,30700,809968,LG디스플레이
173153,20160908,30650,30650,29200,29200,1864611,LG디스플레이
173154,20160909,29000,29550,28400,29350,1759529,LG디스플레이
173155,20160912,28800,29300,28300,28400,1690017,LG디스플레이
173156,20160913,28650,29000,27700,27900,1617892,LG디스플레이
173157,20160919,28200,28900,28200,28450,1095412,LG디스플레이
173158,20160920,28500,28650,27900,28300,990702,LG디스플레이
173159,20160921,28850,29450,28800,29250,1400910,LG디스플레이
173160,20160922,29150,29600,29100,29200,953251,LG디스플레이
173161,20160923,29750,29750,28900,29150,777579,LG디스플레이
173162,20160926,29000,29000,28450,28600,658306,LG디스플레이
173163,20160927,28500,29000,28250,28950,882695,LG디스플레이
173164,20160928,28900,29100,28400,28500,894973,LG디스플레이
173165,20160929,28750,29200,28350,28450,762397,LG디스플레이
173166,20160930,28250,28350,27850,28100,812372,LG디스플레이
173167,20161004,28400,28700,27850,28000,822937,LG디스플레이
173168,20161005,27850,28900,27750,28650,1069874,LG디스플레이
173169,20161006,29100,29200,28200,28400,1518454,LG디스플레이
173170,20161007,28350,29800,28250,29650,2062704,LG디스플레이
173171,20161010,29850,30150,29450,29950,1213585,LG디스플레이
173172,20161011,30200,30200,29400,29550,951274,LG디스플레이
173173,20161012,29600,30150,29200,29350,920315,LG디스플레이
173174,20161013,29300,29900,29250,29300,900308,LG디스플레이
173175,20161014,29350,30000,29300,29950,827528,LG디스플레이
173176,20161017,30000,30100,29400,29600,559055,LG디스플레이
173177,20161018,29250,29450,28650,28800,1199558,LG디스플레이
173178,20161019,29000,29250,28650,28700,760667,LG디스플레이
173179,20161020,28750,29350,28750,29100,543304,LG디스플레이
173180,20161021,29100,29150,28500,28500,918414,LG디스플레이
173181,20161024,28500,29350,28350,29350,715499,LG디스플레이
173182,20161025,29250,29900,28900,29800,1075783,LG디스플레이
173183,20161026,29700,29950,29300,29950,1137933,LG디스플레이
173184,20161027,30000,30200,29550,29600,568216,LG디스플레이
173185,20161028,29450,29700,27950,28300,2194023,LG디스플레이
173186,20161031,28250,28550,27200,27300,2242667,LG디스플레이
173187,20161101,27400,28150,27350,27800,1065440,LG디스플레이
173188,20161102,27500,27850,27300,27550,693385,LG디스플레이
173189,20161103,27100,27700,27100,27500,786149,LG디스플레이
173190,20161104,27500,27550,26600,26800,1271273,LG디스플레이
173191,20161107,27000,27100,26450,26600,1063461,LG디스플레이
173192,20161108,27000,27600,26850,27450,1191056,LG디스플레이
173193,20161109,27650,28000,25750,26200,2101154,LG디스플레이
173194,20161110,26800,27600,26700,27200,1294119,LG디스플레이
173195,20161111,26800,27350,26200,26900,1165346,LG디스플레이
173196,20161114,27150,27700,26900,26950,847445,LG디스플레이
173197,20161115,27400,27500,26500,26500,778751,LG디스플레이
173198,20161116,27100,28150,27100,27550,1994428,LG디스플레이
173199,20161117,27800,28500,27800,27800,1743781,LG디스플레이
173200,20161118,28000,28700,27950,28500,1123429,LG디스플레이
173201,20161121,28550,28550,27800,27900,503906,LG디스플레이
173202,20161122,27950,28500,27900,28250,976681,LG디스플레이
173203,20161123,28400,29250,28300,28750,1151516,LG디스플레이
173204,20161124,28750,29150,28050,28500,617890,LG디스플레이
173205,20161125,28800,28900,28350,28400,565468,LG디스플레이
173206,20161128,28450,29000,28050,28500,802813,LG디스플레이
173207,20161129,28200,28800,28100,28150,763089,LG디스플레이
173208,20161130,28300,28450,27600,28000,1349945,LG디스플레이
173209,20161201,28000,28750,27700,28400,898036,LG디스플레이
173210,20161202,28100,28250,27300,27900,806491,LG디스플레이
173211,20161205,27500,28000,27450,27800,446118,LG디스플레이
173212,20161206,28300,29250,28000,29100,1349604,LG디스플레이
173213,20161207,29600,30150,29550,29850,1645348,LG디스플레이
173214,20161208,30300,30750,30000,30300,1235539,LG디스플레이
173215,20161209,30300,30500,30000,30350,872415,LG디스플레이
173216,20161212,30400,30700,29350,29550,1378479,LG디스플레이
173217,20161213,29750,30500,29550,30350,1899764,LG디스플레이
173218,20161214,31100,31300,30100,30300,1647302,LG디스플레이
173219,20161215,30400,31200,30250,30950,1631993,LG디스플레이
173220,20161216,30800,31600,30650,30900,1471576,LG디스플레이
173221,20161219,31200,31250,30350,30500,968437,LG디스플레이
173222,20161220,30550,30700,30250,30550,721049,LG디스플레이
173223,20161221,30750,31900,30700,31500,1753323,LG디스플레이
173224,20161222,31900,32400,31350,31400,1740187,LG디스플레이
173225,20161223,31600,31700,30850,31300,1172126,LG디스플레이
173226,20161226,31500,32000,31300,32000,1082666,LG디스플레이
173227,20161227,32000,32100,31200,31400,1077924,LG디스플레이
173228,20161228,31350,31850,31050,31800,1169912,LG디스플레이
173229,20161229,31450,31600,31050,31450,846351,LG디스플레이
173230,20170102,31200,31300,30750,31150,1158495,LG디스플레이
173231,20170103,31300,31900,31250,31750,1350385,LG디스플레이
173232,20170104,31950,32250,31100,31450,1297451,LG디스플레이
173233,20170105,31550,31700,31100,31500,1051313,LG디스플레이
173234,20170106,31750,31950,31550,31650,917903,LG디스플레이
173235,20170109,31800,32250,31700,32100,1667226,LG디스플레이
173236,20170110,32200,32350,31450,31600,1374769,LG디스플레이
173237,20170111,31800,32300,31500,32100,1874837,LG디스플레이
173238,20170112,32500,32600,32000,32000,1479473,LG디스플레이
173239,20170113,31800,32000,31500,31950,1091083,LG디스플레이
173240,20170116,32150,32200,30600,30850,1658634,LG디스플레이
173241,20170117,31000,31400,30900,31200,890478,LG디스플레이
173242,20170118,31150,31600,31050,31550,1015221,LG디스플레이
173243,20170119,31550,31800,30800,31250,1174985,LG디스플레이
173244,20170120,31300,32100,31000,32050,1311326,LG디스플레이
173245,20170123,32300,32750,32100,32500,1613046,LG디스플레이
173246,20170124,33000,33150,31450,31750,2607463,LG디스플레이
173247,20170125,32000,32200,30350,30400,3640103,LG디스플레이
173248,20170126,30050,30800,29700,30250,2807447,LG디스플레이
173249,20170131,30500,31000,30450,30650,1859931,LG디스플레이
173250,20170201,30900,31200,30750,31050,1263758,LG디스플레이
173251,20170202,31000,31050,30000,30200,1753421,LG디스플레이
173252,20170203,30350,30500,29350,29550,2310602,LG디스플레이
173253,20170206,29800,29850,28850,29000,2138361,LG디스플레이
173254,20170207,28700,29200,28250,28900,2559477,LG디스플레이
173255,20170208,29000,29500,28650,29450,2019512,LG디스플레이
173256,20170209,29550,29650,28950,29350,1510874,LG디스플레이
173257,20170210,29600,29700,29150,29150,1093140,LG디스플레이
173258,20170213,28550,28550,27550,28050,3381341,LG디스플레이
173259,20170214,28100,28600,28050,28450,1712915,LG디스플레이
173260,20170215,28450,28500,27700,27850,2637807,LG디스플레이
173261,20170216,27850,28400,27700,28200,1355675,LG디스플레이
173262,20170217,28300,28650,28050,28400,1436569,LG디스플레이
173263,20170220,28450,28500,28000,28100,1231893,LG디스플레이
173264,20170221,28250,29150,28250,28700,2255032,LG디스플레이
173265,20170222,28900,28950,28250,28450,1558980,LG디스플레이
173266,20170223,28600,28750,28350,28550,1240462,LG디스플레이
173267,20170224,28650,28650,27550,27650,2408188,LG디스플레이
173268,20170227,27700,27800,27050,27300,2061642,LG디스플레이
173269,20170228,27500,27650,27150,27400,1949940,LG디스플레이
173270,20170302,27850,27900,27200,27700,2139695,LG디스플레이
173271,20170303,27650,28100,27450,28050,1738145,LG디스플레이
173272,20170306,28000,28100,27400,27900,1161119,LG디스플레이
173273,20170307,27950,28600,27750,28600,2157918,LG디스플레이
173274,20170308,28700,28900,28250,28400,1911122,LG디스플레이
173275,20170309,28600,28750,28250,28450,1043082,LG디스플레이
173276,20170310,28550,28600,27750,27900,1544641,LG디스플레이
173277,20170313,27900,28150,27750,28000,979192,LG디스플레이
173278,20170314,28200,28550,28200,28250,1562947,LG디스플레이
173279,20170315,28000,28200,27800,27850,1214044,LG디스플레이
173280,20170316,28100,28300,27950,28200,1376478,LG디스플레이
173281,20170317,28150,28300,27850,28000,1796081,LG디스플레이
173282,20170320,28350,28400,27950,28050,975074,LG디스플레이
173283,20170321,28250,28950,28150,28900,2741870,LG디스플레이
173284,20170322,28900,29900,28900,29500,4025356,LG디스플레이
173285,20170323,29750,30050,29300,29300,2523882,LG디스플레이
173286,20170324,29400,29800,29050,29400,1545915,LG디스플레이
173287,20170327,29650,30000,28900,29000,1380080,LG디스플레이
173288,20170328,29250,29400,28800,29200,1124695,LG디스플레이
173289,20170329,29600,30500,29450,30450,3222461,LG디스플레이
173290,20170330,30750,31150,29950,30100,2653873,LG디스플레이
173291,20170331,30300,30350,30000,30250,1191669,LG디스플레이
173292,20170403,30400,30450,29900,30250,1052040,LG디스플레이
173293,20170404,30250,30650,30000,30150,955304,LG디스플레이
173294,20170405,30150,30350,29650,30350,1649036,LG디스플레이
173295,20170406,30050,30250,29500,29800,1606601,LG디스플레이
173296,20170407,30050,30350,29750,29850,753079,LG디스플레이
173297,20170410,30650,30750,29900,30100,1679793,LG디스플레이
173298,20170411,30600,30850,30300,30850,1942274,LG디스플레이
173299,20170412,30850,30850,30050,30400,1484669,LG디스플레이
173300,20170413,30450,30900,30200,30900,1526443,LG디스플레이
173301,20170414,30750,30950,30350,30500,733994,LG디스플레이
173302,20170417,30850,31050,30750,30800,833586,LG디스플레이
173303,20170418,31100,31350,30600,30850,1362733,LG디스플레이
173304,20170419,30700,31050,30350,30600,1020224,LG디스플레이
173305,20170420,30600,30900,29600,29800,3043545,LG디스플레이
173306,20170421,30000,30200,29650,29900,1723627,LG디스플레이
173307,20170424,29950,30200,29800,30200,1216111,LG디스플레이
173308,20170425,30050,31300,30050,31200,2953218,LG디스플레이
173309,20170426,31800,31950,31200,31400,3301326,LG디스플레이
173310,20170427,31250,31300,29750,29850,5097192,LG디스플레이
173311,20170428,29600,30100,29050,29400,4542778,LG디스플레이
173312,20170502,29650,30100,29600,29600,2612555,LG디스플레이
173313,20170504,29650,30200,29650,30000,1852356,LG디스플레이
173314,20170508,30050,30600,29950,30400,2394577,LG디스플레이
173315,20170510,30400,30550,29800,29900,3137615,LG디스플레이
173316,20170511,30100,30150,29550,29700,2602616,LG디스플레이
173317,20170512,29650,29900,28950,29050,3342190,LG디스플레이
173318,20170515,29100,29150,28250,28800,3080016,LG디스플레이
173319,20170516,29000,29050,28700,28800,2246799,LG디스플레이
173320,20170517,28900,29200,28800,29100,1879813,LG디스플레이
173321,20170518,28800,29600,28700,29500,2375616,LG디스플레이
173322,20170519,29450,29500,29150,29450,1374581,LG디스플레이
173323,20170522,29600,29650,29000,29250,1639936,LG디스플레이
173324,20170523,29350,29400,29000,29100,1654343,LG디스플레이
173325,20170524,29050,29350,28850,29100,1629821,LG디스플레이
173326,20170525,29100,29200,28750,28850,1989636,LG디스플레이
173327,20170526,29000,30150,28950,30050,5303654,LG디스플레이
173328,20170529,30400,30500,30000,30200,3120972,LG디스플레이
173329,20170530,30600,32200,30500,32050,7849718,LG디스플레이
173330,20170531,32300,32900,31700,32600,5248207,LG디스플레이
173331,20170601,32550,32800,32100,32600,2889440,LG디스플레이
173332,20170602,32900,33500,32500,33300,3319279,LG디스플레이
173333,20170605,33550,34300,32900,33950,3615345,LG디스플레이
173334,20170607,34350,35950,34200,35400,4874654,LG디스플레이
173335,20170608,36100,36800,35750,36500,5415691,LG디스플레이
173336,20170609,36750,36800,35650,36700,3813526,LG디스플레이
173337,20170612,36000,36400,34700,34900,5350754,LG디스플레이
173338,20170613,35000,37700,34950,37600,5879867,LG디스플레이
173339,20170614,38300,38300,37000,37250,4552109,LG디스플레이
173340,20170615,37400,38150,36450,38150,4225813,LG디스플레이
173341,20170616,37850,39100,37400,37400,3271611,LG디스플레이
173342,20170619,37400,38400,37000,37250,3004172,LG디스플레이
173343,20170620,37900,38150,36000,36900,4182102,LG디스플레이
173344,20170621,36250,36800,35700,36650,3019914,LG디스플레이
173345,20170622,37000,37250,36200,36400,2369949,LG디스플레이
173346,20170623,36500,36700,35400,36500,3188979,LG디스플레이
173347,20170626,36500,37250,36350,36700,2261229,LG디스플레이
173348,20170627,36950,38700,36850,38050,4724767,LG디스플레이
173349,20170628,37600,38650,37000,37250,3667717,LG디스플레이
173350,20170629,38000,38250,37350,37550,2353448,LG디스플레이
173351,20170630,36800,37700,36600,37100,2245097,LG디스플레이
173352,20170703,37300,37650,36250,36550,1745103,LG디스플레이
173353,20170704,36600,38650,36600,38500,4768875,LG디스플레이
173354,20170705,39050,39600,38350,38900,4931725,LG디스플레이
173355,20170706,39000,39000,37650,37800,3814964,LG디스플레이
173356,20170707,37300,37500,36300,36500,3450908,LG디스플레이
173357,20170710,36700,37100,35500,35700,3416475,LG디스플레이
173358,20170711,35950,37100,35500,37000,3045931,LG디스플레이
173359,20170712,37350,37650,36350,36350,2042203,LG디스플레이
173360,20170713,36900,37450,36650,36700,2486181,LG디스플레이
173361,20170714,36900,37000,35750,35950,3147816,LG디스플레이
173362,20170717,36200,36350,35550,36050,2348613,LG디스플레이
173363,20170718,36100,36850,36000,36300,2262985,LG디스플레이
173364,20170719,36550,37700,36500,37350,3204191,LG디스플레이
173365,20170720,36850,36900,34200,34300,13883506,LG디스플레이
173366,20170721,34650,35000,34000,34200,6354523,LG디스플레이
173367,20170724,34200,34400,33000,33250,6547693,LG디스플레이
173368,20170725,33400,33750,32650,32800,5239665,LG디스플레이
173369,20170726,33150,33300,31800,32400,6776593,LG디스플레이
173370,20170727,32150,32600,31650,31750,5561168,LG디스플레이
173371,20170728,32300,32400,30750,30800,6550553,LG디스플레이
173372,20170731,30800,31750,30800,31650,3900838,LG디스플레이
173373,20170801,31850,31850,31050,31350,3424509,LG디스플레이
173374,20170802,31850,32600,31750,31900,4786381,LG디스플레이
173375,20170803,31800,32000,30850,31100,3252753,LG디스플레이
173376,20170804,31100,31250,30550,30850,2495543,LG디스플레이
173377,20170807,30900,31350,30900,31050,1589612,LG디스플레이
173378,20170808,31100,31200,30400,30650,2629035,LG디스플레이
173379,20170809,30200,30350,29750,29900,3701498,LG디스플레이
173380,20170810,29900,30150,29100,29350,4192407,LG디스플레이
173381,20170811,28950,30150,28700,30000,4516363,LG디스플레이
173382,20170814,30300,30400,29800,29900,2338901,LG디스플레이
173383,20170816,30000,30100,29400,29600,2632817,LG디스플레이
173384,20170817,29800,30500,29650,30350,2672637,LG디스플레이
173385,20170818,30050,30700,29750,30300,2063194,LG디스플레이
173386,20170821,30550,31150,30100,31100,2592726,LG디스플레이
173387,20170822,31250,31400,30750,31100,1917345,LG디스플레이
173388,20170823,31050,31650,31050,31200,2410194,LG디스플레이
173389,20170824,31150,31200,30300,30400,2753204,LG디스플레이
173390,20170825,30750,31100,30500,31000,2095973,LG디스플레이
173391,20170828,30950,31100,30400,30500,1813667,LG디스플레이
173392,20170829,30100,30450,30000,30300,1896441,LG디스플레이
173393,20170830,30500,31000,30350,30900,2338404,LG디스플레이
173394,20170831,31200,31400,31000,31150,1762918,LG디스플레이
173395,20170901,31350,31450,30700,30750,1696645,LG디스플레이
173396,20170904,29950,30500,29850,30250,1621272,LG디스플레이
173397,20170905,30400,32200,30350,32200,6391055,LG디스플레이
173398,20170906,32200,32450,31450,31650,5859397,LG디스플레이
173399,20170907,31900,32600,31650,31950,4135723,LG디스플레이
173400,20170908,32200,32250,31400,31600,2352091,LG디스플레이
173401,20170911,31900,32400,31800,31900,2598013,LG디스플레이
173402,20170912,32300,32650,31950,32400,3444269,LG디스플레이
173403,20170913,32700,33250,32500,32900,5118098,LG디스플레이
173404,20170914,33200,34050,33200,33800,5071340,LG디스플레이
173405,20170915,33550,34450,33350,33800,4402812,LG디스플레이
173406,20170918,33800,34300,33650,34000,3299467,LG디스플레이
173407,20170919,33850,33850,32000,32300,8209512,LG디스플레이
173408,20170920,32200,32800,31350,31550,5606820,LG디스플레이
173409,20170921,31800,32050,31200,31400,2567803,LG디스플레이
173410,20170922,31450,31750,30700,30750,3290096,LG디스플레이
173411,20170925,30750,31400,30300,30750,2898534,LG디스플레이
173412,20170926,30750,31050,30450,30500,2636207,LG디스플레이
173413,20170927,30600,30900,30250,30550,2393732,LG디스플레이
173414,20170928,30800,30850,30300,30400,1889213,LG디스플레이
173415,20170929,30550,30700,30200,30550,2431383,LG디스플레이
173416,20171010,30600,30650,29650,29900,4546134,LG디스플레이
173417,20171011,29800,30500,29750,30250,2766243,LG디스플레이
173418,20171012,29900,30200,28700,28700,7527765,LG디스플레이
173419,20171013,28550,29000,27850,29000,5810373,LG디스플레이
173420,20171016,29150,29700,29000,29500,3507795,LG디스플레이
173421,20171017,29550,29750,29000,29050,2484368,LG디스플레이
173422,20171018,29050,29450,28700,28900,2078838,LG디스플레이
173423,20171019,29000,29350,28900,29100,1749702,LG디스플레이
173424,20171020,29150,30550,29150,30500,5039655,LG디스플레이
173425,20171023,30550,30550,29600,29700,3098950,LG디스플레이
173426,20171024,29750,29750,29150,29400,2326408,LG디스플레이
173427,20171025,30000,30500,29300,29450,4255914,LG디스플레이
173428,20171026,29400,29500,28900,28900,3419238,LG디스플레이
173429,20171027,29050,29700,29050,29400,3213383,LG디스플레이
173430,20171030,29950,30000,29400,29500,2324036,LG디스플레이
173431,20171031,29600,29700,29100,29300,2735528,LG디스플레이
173432,20171101,29200,29800,29200,29500,2421851,LG디스플레이
173433,20171102,29700,30350,29600,29650,3508628,LG디스플레이
173434,20171103,29700,30000,29500,29650,1933948,LG디스플레이
173435,20171106,29750,29900,29400,29500,2262065,LG디스플레이
173436,20171107,29550,29850,29400,29550,1905489,LG디스플레이
173437,20171108,29550,29800,29100,29150,2826077,LG디스플레이
173438,20171109,29350,29950,29150,29900,3660094,LG디스플레이
173439,20171110,29950,30300,29550,30200,2738183,LG디스플레이
173440,20171113,30550,30600,29650,29800,2961672,LG디스플레이
173441,20171114,29850,29900,29200,29300,2751406,LG디스플레이
173442,20171115,29300,29550,29000,29250,2423357,LG디스플레이
173443,20171116,29400,29700,29150,29350,1911222,LG디스플레이
173444,20171117,29600,30250,29400,30050,3474080,LG디스플레이
173445,20171120,30250,30350,29800,29900,1896391,LG디스플레이
173446,20171121,30100,31850,30050,31700,9244310,LG디스플레이
173447,20171122,32200,32400,31400,31800,4979476,LG디스플레이
173448,20171123,31800,31900,31100,31350,2529818,LG디스플레이
173449,20171124,31100,32050,31100,31300,2663988,LG디스플레이
173450,20171127,31300,31350,30600,30850,2635519,LG디스플레이
173451,20171128,30750,31350,30400,30800,3101247,LG디스플레이
173452,20171129,30700,31000,30250,30850,3301550,LG디스플레이
173453,20171130,30800,31250,30450,30900,3131887,LG디스플레이
173454,20171201,30950,31050,29600,29800,4610528,LG디스플레이
173455,20171204,29800,30750,29500,30650,3890640,LG디스플레이
173456,20171205,30550,30800,30200,30600,2682898,LG디스플레이
173457,20171206,30650,30900,30050,30100,3099074,LG디스플레이
173458,20171207,29950,30150,29550,29900,2650643,LG디스플레이
173459,20171208,30000,30400,29600,29650,2292415,LG디스플레이
173460,20171211,29700,29850,29450,29650,1459289,LG디스플레이
173461,20171212,29900,30550,29800,30000,2443950,LG디스플레이
173462,20171213,30150,30200,29700,29850,2067890,LG디스플레이
173463,20171214,30050,30550,29800,29900,4065137,LG디스플레이
173464,20171215,30050,30400,30050,30400,1869673,LG디스플레이
173465,20171218,30200,30450,29550,29700,2446225,LG디스플레이
173466,20171219,29700,29750,29400,29400,2385592,LG디스플레이
173467,20171220,29450,29800,29200,29550,1843916,LG디스플레이
173468,20171221,29450,29750,29350,29500,1795202,LG디스플레이
173469,20171222,29650,30150,29350,30000,2337611,LG디스플레이
173470,20171226,30250,30650,29450,29450,4755996,LG디스플레이
173471,20171227,29850,30200,29700,29750,2160954,LG디스플레이
173472,20171228,30000,30200,29700,29900,1600430,LG디스플레이
173473,20180102,30050,30150,29650,29850,1749697,LG디스플레이
173474,20180103,29950,30950,29850,30800,4720204,LG디스플레이
173475,20180104,31000,31200,30200,30250,3220648,LG디스플레이
173476,20180105,30350,30450,29800,30000,2720175,LG디스플레이
173477,20180108,30350,30450,29950,30150,2165108,LG디스플레이
173478,20180109,30200,30550,29900,30000,2686065,LG디스플레이
173479,20180110,30150,30200,29550,29800,2722810,LG디스플레이
173480,20180111,29800,30050,29650,29850,1954604,LG디스플레이
173481,20180112,29750,29800,28750,28950,4713659,LG디스플레이
173482,20180115,28850,29050,28450,29000,2748021,LG디스플레이
173483,20180116,29100,31100,29000,31000,8051821,LG디스플레이
173484,20180117,31100,31700,30650,31500,6234171,LG디스플레이
173485,20180118,31650,31900,30650,30800,4378631,LG디스플레이
173486,20180119,30800,31150,30200,30450,2821793,LG디스플레이
173487,20180122,30500,31050,30100,30750,2935842,LG디스플레이
173488,20180123,30250,32700,30100,32550,9952861,LG디스플레이
173489,20180124,33050,33700,32750,33250,7538751,LG디스플레이
173490,20180125,33250,33400,32550,32950,3514491,LG디스플레이
173491,20180126,32950,33100,32150,32500,3213668,LG디스플레이
173492,20180129,32850,33400,32650,33050,2322210,LG디스플레이
173493,20180130,33050,33150,32400,32550,2076625,LG디스플레이
173494,20180131,32450,32700,31900,32200,2930771,LG디스플레이
173495,20180201,32000,32050,31400,31650,3285317,LG디스플레이
173496,20180202,31650,32100,31150,31450,2792708,LG디스플레이
173497,20180205,30900,31250,30700,30750,2078836,LG디스플레이
173498,20180206,29750,30650,29750,30450,3005071,LG디스플레이
173499,20180207,31000,31050,29800,29800,2729662,LG디스플레이
173500,20180208,29950,30350,29850,30000,1610215,LG디스플레이
173501,20180209,29500,30450,29350,30200,2409743,LG디스플레이
173502,20180212,30200,30300,29700,29850,1306552,LG디스플레이
173503,20180213,30100,31300,29850,30550,2954948,LG디스플레이
173504,20180214,30800,31050,30000,30200,1357361,LG디스플레이
173505,20180219,30750,30900,30150,30400,1484561,LG디스플레이
173506,20180220,30400,30750,30200,30500,1075781,LG디스플레이
173507,20180221,30750,31050,30400,30750,1647797,LG디스플레이
173508,20180222,30650,30900,29900,30200,1479136,LG디스플레이
173509,20180223,30200,30350,29900,29950,1878489,LG디스플레이
173510,20180226,30050,30300,29800,29900,1613915,LG디스플레이
173511,20180227,30150,30500,29850,29850,1606198,LG디스플레이
173512,20180228,29750,30000,29750,29850,1239736,LG디스플레이
173513,20180302,29450,29550,29100,29250,2141059,LG디스플레이
173514,20180305,29300,29350,28750,28950,1358692,LG디스플레이
173515,20180306,29150,29200,28350,28550,2822567,LG디스플레이
173516,20180307,28550,28600,27650,27650,3080250,LG디스플레이
173517,20180308,27700,28050,27350,28050,2461924,LG디스플레이
173518,20180309,28050,28300,27850,27900,2163521,LG디스플레이
173519,20180312,28200,29000,28150,28600,3251646,LG디스플레이
173520,20180313,28600,28800,28350,28600,1539167,LG디스플레이
173521,20180314,28400,28450,27950,28150,1911811,LG디스플레이
173522,20180315,28200,28400,28000,28050,1575269,LG디스플레이
173523,20180316,28200,28250,28000,28200,1285945,LG디스플레이
173524,20180319,28150,28200,27750,27750,1741477,LG디스플레이
173525,20180320,27650,27700,27200,27450,2520200,LG디스플레이
173526,20180321,27450,27800,27350,27350,1683408,LG디스플레이
173527,20180322,27550,27700,27000,27150,2704996,LG디스플레이
173528,20180323,26650,26750,26100,26250,2797777,LG디스플레이
173529,20180326,26050,26500,25950,26150,2128572,LG디스플레이
173530,20180327,26000,26150,25400,25700,4658659,LG디스플레이
173531,20180328,25500,26100,25500,25850,2239917,LG디스플레이
173532,20180329,25650,25850,25450,25850,1532386,LG디스플레이
173533,20180330,26250,26650,25900,26150,2787926,LG디스플레이
173534,20180402,26050,26050,25500,25700,2004550,LG디스플레이
173535,20180403,25100,25500,25000,25300,2025852,LG디스플레이
173536,20180404,25200,25300,24550,24650,3245252,LG디스플레이
173537,20180405,24750,25300,24700,24950,1844136,LG디스플레이
173538,20180406,24800,24800,24500,24600,1603904,LG디스플레이
173539,20180409,24750,25750,24750,25550,2516199,LG디스플레이
173540,20180410,25200,25450,24800,25150,2175464,LG디스플레이
173541,20180411,25100,25100,24750,24850,1666772,LG디스플레이
173542,20180412,24750,25350,24700,25100,2067248,LG디스플레이
173543,20180413,25400,25650,24900,24950,1138162,LG디스플레이
173544,20180416,24900,25200,24850,24950,840831,LG디스플레이
173545,20180417,25100,25900,25050,25750,2296473,LG디스플레이
173546,20180418,26000,26200,25750,26050,2440125,LG디스플레이
173547,20180419,26050,26100,25400,25400,2193609,LG디스플레이
173548,20180420,25300,25400,25000,25100,1500454,LG디스플레이
173549,20180423,24900,25150,24700,24900,1486692,LG디스플레이
173550,20180424,24800,25000,24650,24750,1255125,LG디스플레이
173551,20180425,24550,25150,24300,24700,2146253,LG디스플레이
173552,20180426,24650,24700,23650,23900,4371322,LG디스플레이
173553,20180427,23800,24250,23800,23850,3026363,LG디스플레이
173554,20180430,23800,23800,23100,23450,2841329,LG디스플레이
173555,20180502,23450,23800,23350,23400,2379792,LG디스플레이
173556,20180503,23450,23750,23350,23400,2294373,LG디스플레이
173557,20180504,23300,23400,22700,22850,3454308,LG디스플레이
173558,20180508,22750,23050,22300,22350,3365768,LG디스플레이
173559,20180509,22150,22600,22050,22500,2171282,LG디스플레이
173560,20180510,22450,23000,22250,22400,2135653,LG디스플레이
173561,20180511,22550,23450,22500,23300,2342673,LG디스플레이
173562,20180514,23400,23900,23200,23300,1977508,LG디스플레이
173563,20180515,23450,23700,23100,23150,1610542,LG디스플레이
173564,20180516,23000,23050,22600,22950,1386947,LG디스플레이
173565,20180517,23100,23350,22850,22950,1313934,LG디스플레이
173566,20180518,22800,23000,22500,22750,1534293,LG디스플레이
173567,20180521,22750,22800,22350,22500,1041342,LG디스플레이
173568,20180523,22350,23000,22350,22700,2035863,LG디스플레이
173569,20180524,22750,22750,22350,22400,1082832,LG디스플레이
173570,20180525,22350,22450,21950,22050,1839405,LG디스플레이
173571,20180528,22100,22200,21700,22000,1596234,LG디스플레이
173572,20180529,22050,23300,22000,23150,4490612,LG디스플레이
173573,20180530,22950,23000,22400,22450,2722612,LG디스플레이
173574,20180531,22650,22700,22150,22200,2128331,LG디스플레이
173575,20180601,22350,23100,22150,23000,2230384,LG디스플레이
173576,20180604,23250,23700,23000,23100,2102809,LG디스플레이
173577,20180605,22900,22950,22500,22650,2041408,LG디스플레이
173578,20180607,22600,22750,22200,22250,2333275,LG디스플레이
173579,20180608,22350,22600,22200,22350,1697243,LG디스플레이
173580,20180611,22450,22450,22100,22250,1586711,LG디스플레이
173581,20180612,22400,22550,22250,22500,2000644,LG디스플레이
173582,20180614,22700,22750,22000,22150,2296965,LG디스플레이
173583,20180615,22150,22200,21100,21200,4193942,LG디스플레이
173584,20180618,21000,21150,20000,20300,4274096,LG디스플레이
173585,20180619,20150,20450,19600,19750,2910484,LG디스플레이
173586,20180620,19600,19950,19300,19600,2803325,LG디스플레이
173587,20180621,19400,19700,18850,18950,3540731,LG디스플레이
173588,20180622,18550,19250,18550,19000,3424864,LG디스플레이
173589,20180625,19000,19050,18700,18800,2064705,LG디스플레이
173590,20180626,18450,18450,17750,18200,4910756,LG디스플레이
173591,20180627,18200,18800,18100,18300,2453701,LG디스플레이
173592,20180628,18050,18150,17400,17500,3166935,LG디스플레이
173593,20180629,18050,18500,17800,18300,4454897,LG디스플레이
173594,20180702,18400,18700,18050,18150,2631284,LG디스플레이
173595,20180703,18300,18400,17500,17750,2079077,LG디스플레이
173596,20180704,17600,18400,17600,18100,1969669,LG디스플레이
173597,20180705,18100,18550,17800,18250,1718883,LG디스플레이
173598,20180706,18500,18750,17700,18000,3268021,LG디스플레이
173599,20180709,18150,19000,18050,18850,2976090,LG디스플레이
173600,20180710,18900,19800,18700,19600,4591785,LG디스플레이
173601,20180711,20400,20400,19600,19700,4624651,LG디스플레이
173602,20180712,19550,19600,19000,19550,2793125,LG디스플레이
173603,20180713,19650,19750,19350,19600,1695421,LG디스플레이
173604,20180716,19850,20200,19850,19850,1533044,LG디스플레이
173605,20180717,19900,20500,19700,20350,2427313,LG디스플레이
173606,20180718,20450,20750,20250,20300,2099133,LG디스플레이
173607,20180719,20350,21600,20200,21400,4084153,LG디스플레이
173608,20180720,21650,22200,21500,21900,5106185,LG디스플레이
173609,20180723,21950,21950,21050,21150,2226337,LG디스플레이
173610,20180724,21300,21650,20800,21450,2385228,LG디스플레이
173611,20180725,21450,22050,19900,20450,4548875,LG디스플레이
173612,20180726,20450,21450,20300,21300,3770513,LG디스플레이
173613,20180727,21550,21550,21100,21300,1053471,LG디스플레이
173614,20180730,21200,21600,21100,21250,846893,LG디스플레이
173615,20180731,21100,21500,20800,21250,1631513,LG디스플레이
173616,20180801,21300,21950,21300,21650,1843832,LG디스플레이
173617,20180802,22050,22150,21450,21750,1512351,LG디스플레이
173618,20180803,21900,21900,21500,21700,991562,LG디스플레이
173619,20180806,21700,22300,21600,22200,1640667,LG디스플레이
173620,20180807,22450,23100,22400,22600,3765201,LG디스플레이
173621,20180808,22600,22700,21550,21600,4132999,LG디스플레이
173622,20180809,21800,22100,21500,21650,2225121,LG디스플레이
173623,20180810,21700,22550,21700,22150,2237337,LG디스플레이
173624,20180813,22100,22150,21000,21550,1781276,LG디스플레이
173625,20180814,21700,22100,21650,21900,1572252,LG디스플레이
173626,20180816,22050,22700,21750,22450,2918397,LG디스플레이
173627,20180817,22400,22650,22050,22450,1781541,LG디스플레이
173628,20180820,22750,23150,22700,22850,2956133,LG디스플레이
173629,20180821,23150,23300,22750,23250,2624950,LG디스플레이
173630,20180822,23150,23150,22150,22300,3260031,LG디스플레이
173631,20180823,22300,22500,21800,22100,1894248,LG디스플레이
173632,20180824,22000,22000,21150,21450,3263434,LG디스플레이
173633,20180827,21450,21850,20750,21150,3860960,LG디스플레이
173634,20180828,21400,21600,21200,21300,2287271,LG디스플레이
173635,20180829,21500,21600,21350,21450,1702094,LG디스플레이
173636,20180830,21450,21600,21100,21200,1399064,LG디스플레이
173637,20180831,21300,21700,21100,21250,1896815,LG디스플레이
173638,20180903,21300,21500,21150,21200,989760,LG디스플레이
173639,20180904,21300,21450,21200,21400,867070,LG디스플레이
173640,20180905,21550,22400,21400,22050,3352089,LG디스플레이
173641,20180906,22050,22100,21450,21450,2180987,LG디스플레이
173642,20180907,21450,21500,20900,21050,2209096,LG디스플레이
173643,20180910,21100,21200,20800,21200,1404053,LG디스플레이
173644,20180911,21200,21250,20100,20150,3546663,LG디스플레이
173645,20180912,20200,20400,20050,20350,1607003,LG디스플레이
173646,20180913,20350,20650,20250,20250,1612980,LG디스플레이
173647,20180914,20400,20650,20000,20100,2225027,LG디스플레이
173648,20180917,20200,20250,19300,19700,3443480,LG디스플레이
173649,20180918,19500,19750,19400,19650,1503068,LG디스플레이
173650,20180919,19700,19800,18800,19000,3719448,LG디스플레이
173651,20180920,18950,19300,18800,18950,2424881,LG디스플레이
173652,20180921,19200,19250,18950,19000,1573883,LG디스플레이
173653,20180927,19350,19600,19300,19550,2424216,LG디스플레이
173654,20180928,19600,19650,18900,19100,1912030,LG디스플레이
173655,20181001,19050,19200,18700,19200,1435614,LG디스플레이
173656,20181002,19200,19600,19150,19350,1677653,LG디스플레이
173657,20181004,19350,19400,18850,19000,1266722,LG디스플레이
173658,20181005,18800,18950,18300,18650,1831271,LG디스플레이
173659,20181008,18450,18850,18400,18550,1126666,LG디스플레이
173660,20181010,18600,18650,17850,17900,2792453,LG디스플레이
173661,20181011,17200,18000,17150,17350,3492015,LG디스플레이
173662,20181012,17350,18350,17350,18250,2560059,LG디스플레이
173663,20181015,18200,18250,17600,17650,1353289,LG디스플레이
173664,20181016,17700,18250,17700,18050,1118094,LG디스플레이
173665,20181017,18300,18600,17900,18100,1518072,LG디스플레이
173666,20181018,18250,18300,17950,18200,753989,LG디스플레이
173667,20181019,18100,18100,17800,17900,1527043,LG디스플레이
173668,20181022,17800,18300,17800,18200,1057415,LG디스플레이
173669,20181023,18000,18100,17150,17250,3792907,LG디스플레이
173670,20181024,17600,17700,17150,17200,2954555,LG디스플레이
173671,20181025,16600,16950,16350,16700,2996520,LG디스플레이
173672,20181026,16850,16950,16050,16250,2174382,LG디스플레이
173673,20181029,16050,16450,15800,15850,2051503,LG디스플레이
173674,20181030,15600,16150,15600,16050,2066636,LG디스플레이
173675,20181031,16200,16550,15950,16500,1966926,LG디스플레이
173676,20181101,16450,16850,16350,16500,2027448,LG디스플레이
173677,20181102,16650,17600,16600,17450,2250229,LG디스플레이
173678,20181105,17250,17300,16850,17100,1281524,LG디스플레이
173679,20181106,17050,17100,16750,17000,1500511,LG디스플레이
173680,20181107,17050,17300,16650,16750,1804851,LG디스플레이
173681,20181108,17100,17350,16850,17000,1676685,LG디스플레이
173682,20181109,17100,18150,17100,17950,3566050,LG디스플레이
173683,20181112,17800,18750,17800,18100,3149084,LG디스플레이
173684,20181113,17650,18200,17500,18150,1704761,LG디스플레이
173685,20181114,18100,18150,17450,17650,1526921,LG디스플레이
173686,20181115,17550,18050,17550,17850,1153467,LG디스플레이
173687,20181116,17950,18250,17750,17850,1178864,LG디스플레이
173688,20181119,17850,18000,17550,17600,1060437,LG디스플레이
173689,20181120,17350,17750,17350,17700,1157570,LG디스플레이
173690,20181121,17500,17700,17400,17550,1125690,LG디스플레이
173691,20181122,17750,17750,17400,17500,628109,LG디스플레이
173692,20181123,17500,17600,16750,16900,1492419,LG디스플레이
173693,20181126,16950,17350,16950,17300,1070483,LG디스플레이
173694,20181127,17400,17550,17150,17350,1356341,LG디스플레이
173695,20181128,17350,18300,17350,18250,2743583,LG디스플레이
173696,20181129,18250,18500,17850,17950,1389787,LG디스플레이
173697,20181130,17900,17950,17550,17550,2080507,LG디스플레이
173698,20181203,17850,18100,17700,18100,1020684,LG디스플레이
173699,20181204,18100,18250,17500,17650,1517379,LG디스플레이
173700,20181205,17400,17650,17300,17500,746245,LG디스플레이
173701,20181206,17500,17600,16850,16900,1926210,LG디스플레이
173702,20181207,17050,17200,16900,16950,1055854,LG디스플레이
173703,20181210,16800,16900,16600,16800,1317856,LG디스플레이
173704,20181211,16800,17100,16800,17000,1007358,LG디스플레이
173705,20181212,17200,17400,17100,17350,1108899,LG디스플레이
173706,20181213,17450,18250,17350,18250,4303965,LG디스플레이
173707,20181214,18300,18350,17650,17850,2074971,LG디스플레이
173708,20181217,17850,18250,17850,18100,1152705,LG디스플레이
173709,20181218,18050,18450,18050,18300,1836984,LG디스플레이
173710,20181219,18400,18600,18250,18350,1363013,LG디스플레이
173711,20181220,18150,18300,17900,18100,1162463,LG디스플레이
173712,20181221,18100,18200,17950,18050,1230285,LG디스플레이
173713,20181224,18050,18600,18000,18500,1170827,LG디스플레이
173714,20181226,18200,18500,17950,18150,1542076,LG디스플레이
173715,20181227,18400,18400,18050,18200,1027529,LG디스플레이
173716,20181228,18250,18300,17900,18050,793205,LG디스플레이
173717,20190102,18100,18200,17750,17800,1113941,LG디스플레이
173718,20190103,17800,18050,17600,17800,1177579,LG디스플레이
173719,20190104,17750,18200,17500,18200,1238844,LG디스플레이
173720,20190107,18400,18550,18250,18400,1307934,LG디스플레이
173721,20190108,18700,19200,18550,18900,2562731,LG디스플레이
173722,20190109,19150,19350,18900,19000,1830546,LG디스플레이
173723,20190110,19100,19800,18900,19800,3059417,LG디스플레이
173724,20190111,19750,20350,19700,19950,2861945,LG디스플레이
173725,20190114,20000,20050,19700,20000,1299966,LG디스플레이
173726,20190115,20000,20050,19750,19950,1231078,LG디스플레이
173727,20190116,19950,20300,19850,20050,1620397,LG디스플레이
173728,20190117,20050,20450,19800,19950,1383079,LG디스플레이
173729,20190118,20050,20250,19650,20000,1112419,LG디스플레이
173730,20190121,20200,20600,20100,20300,2636644,LG디스플레이
173731,20190122,20350,20400,19550,19750,2079369,LG디스플레이
173732,20190123,19700,20000,19550,19900,989511,LG디스플레이
173733,20190124,19900,20000,19700,19850,982080,LG디스플레이
173734,20190125,19900,20400,19850,20300,2055931,LG디스플레이
173735,20190128,20300,20350,19950,20150,1549538,LG디스플레이
173736,20190129,20150,20600,20100,20500,1935160,LG디스플레이
173737,20190130,20800,21100,19600,19750,4903737,LG디스플레이
173738,20190131,19850,19900,18850,18900,4145813,LG디스플레이
173739,20190201,18950,19300,18900,19050,1826048,LG디스플레이
173740,20190207,19100,19400,19050,19150,1729115,LG디스플레이
173741,20190208,19100,19150,18850,18850,965641,LG디스플레이
173742,20190211,19000,19200,18800,19100,1007139,LG디스플레이
173743,20190212,19050,19400,19000,19300,1128181,LG디스플레이
173744,20190213,19400,19450,18850,18950,1526595,LG디스플레이
173745,20190214,18950,19450,18900,19400,1997138,LG디스플레이
173746,20190215,19400,19500,19050,19350,1250005,LG디스플레이
173747,20190218,19450,19900,19400,19850,2149692,LG디스플레이
173748,20190219,19800,19900,19550,19700,796696,LG디스플레이
173749,20190220,19750,19800,19300,19600,1407737,LG디스플레이
173750,20190221,19550,20650,19500,20550,4282357,LG디스플레이
173751,20190222,20650,20700,20250,20600,1328920,LG디스플레이
173752,20190225,20650,20950,20550,20700,1154868,LG디스플레이
173753,20190226,20750,20900,20450,20850,1070904,LG디스플레이
173754,20190227,20850,21300,20700,21100,1848569,LG디스플레이
173755,20190228,21300,21700,21100,21250,3198398,LG디스플레이
173756,20190304,21350,21600,20600,20800,2504539,LG디스플레이
173757,20190305,20800,21050,20400,20800,1489849,LG디스플레이
173758,20190306,20950,21700,20950,21350,2604973,LG디스플레이
173759,20190307,21400,21500,21200,21300,1298392,LG디스플레이
173760,20190308,21250,21600,21050,21300,1817503,LG디스플레이
173761,20190311,21300,21450,20750,21050,1089633,LG디스플레이
173762,20190312,21250,21450,21050,21150,1945955,LG디스플레이
173763,20190313,20900,21100,20500,20800,2046779,LG디스플레이
173764,20190314,20800,21050,20650,21050,1413701,LG디스플레이
173765,20190315,21000,21150,20750,21100,1505744,LG디스플레이
173766,20190318,21000,21100,20700,20900,1296217,LG디스플레이
173767,20190319,20850,20850,20450,20500,1027707,LG디스플레이
173768,20190320,20450,20650,20250,20500,986643,LG디스플레이
173769,20190321,20550,21250,20550,20800,1858039,LG디스플레이
173770,20190322,21000,21300,20750,20800,1358158,LG디스플레이
173771,20190325,20400,20650,20300,20300,919641,LG디스플레이
173772,20190326,20350,20600,20200,20350,918810,LG디스플레이
173773,20190327,20350,20400,19850,20100,1277175,LG디스플레이
173774,20190328,19900,20000,19350,19350,1512148,LG디스플레이
173775,20190329,19350,19650,19200,19500,1299283,LG디스플레이
173776,20190401,19600,20100,19600,19950,909085,LG디스플레이
173777,20190402,19950,20050,19750,19950,1001742,LG디스플레이
173778,20190403,19800,20050,19650,20000,1288706,LG디스플레이
173779,20190404,20050,20450,19850,20000,1069758,LG디스플레이
173780,20190405,20250,20500,20000,20400,1405705,LG디스플레이
173781,20190408,20450,20850,20300,20750,1337861,LG디스플레이
173782,20190409,21000,21900,20900,21750,3635185,LG디스플레이
173783,20190410,21800,22050,21700,21950,2164980,LG디스플레이
173784,20190411,21950,22200,21700,22100,2297910,LG디스플레이
173785,20190412,21950,22100,21650,21850,1410538,LG디스플레이
173786,20190415,21950,22050,21650,21950,1190435,LG디스플레이
173787,20190416,21750,21900,21250,21850,1764985,LG디스플레이
173788,20190417,21800,22000,21500,21700,1225217,LG디스플레이
173789,20190418,21850,22150,21600,21750,1268732,LG디스플레이
173790,20190419,21800,21900,21450,21500,654732,LG디스플레이
173791,20190422,21450,21650,21150,21250,763072,LG디스플레이
173792,20190423,21400,21650,21100,21250,892309,LG디스플레이
173793,20190424,21450,21500,19900,19900,3839009,LG디스플레이
173794,20190425,19750,19800,19300,19600,3143609,LG디스플레이
173795,20190426,19650,20000,19550,19700,2038700,LG디스플레이
173796,20190429,19700,20350,19500,20250,1722278,LG디스플레이
173797,20190430,20100,20250,19700,19950,1317288,LG디스플레이
173798,20190502,19750,20000,19550,19650,1324004,LG디스플레이
173799,20190503,19700,19800,19350,19400,1766668,LG디스플레이
173800,20190507,19100,19150,18500,18600,2709965,LG디스플레이
173801,20190508,18400,18800,18250,18750,1457287,LG디스플레이
173802,20190509,18700,18700,17950,17950,2819720,LG디스플레이
173803,20190510,18000,18200,17550,17850,2084097,LG디스플레이
173804,20190513,17700,17850,17400,17450,1186623,LG디스플레이
173805,20190514,17300,17750,17100,17550,1405086,LG디스플레이
173806,20190515,17400,17900,17400,17800,1262556,LG디스플레이
173807,20190516,17800,17850,17050,17200,1906449,LG디스플레이
173808,20190517,17450,17500,17050,17200,1189207,LG디스플레이
173809,20190520,17150,17250,16750,16750,1388537,LG디스플레이
173810,20190521,16750,17050,16700,16900,1990588,LG디스플레이
173811,20190522,17000,17050,16700,16900,1282805,LG디스플레이
173812,20190523,16800,16850,16250,16350,2365962,LG디스플레이
173813,20190524,16250,16500,16150,16350,1336577,LG디스플레이
173814,20190527,16550,17100,16550,16700,1770044,LG디스플레이
173815,20190528,16850,17000,16700,16900,2031774,LG디스플레이
173816,20190529,16800,16850,16400,16450,1524018,LG디스플레이
173817,20190530,16450,16650,16350,16550,1841176,LG디스플레이
173818,20190531,16500,17300,16450,17100,2085161,LG디스플레이
173819,20190603,16950,17050,16600,16900,2302256,LG디스플레이
173820,20190604,16950,17200,16850,17000,1074366,LG디스플레이
173821,20190605,17250,17400,16800,16850,1591058,LG디스플레이
173822,20190607,16800,17000,16450,16650,2557292,LG디스플레이
173823,20190610,16950,17150,16900,17150,1320810,LG디스플레이
173824,20190611,17200,17550,17150,17500,1523915,LG디스플레이
173825,20190612,17400,17500,17050,17100,1328544,LG디스플레이
173826,20190613,17100,17200,16850,17100,1769613,LG디스플레이
173827,20190614,17050,17050,16900,16950,1482972,LG디스플레이
173828,20190617,17050,17250,17050,17050,1034299,LG디스플레이
173829,20190618,17100,17150,16950,16950,982524,LG디스플레이
173830,20190619,17100,17250,17050,17100,1584603,LG디스플레이
173831,20190620,17400,18350,17400,18300,4157464,LG디스플레이
173832,20190621,18200,18250,17450,17450,3206330,LG디스플레이
173833,20190624,17700,18100,17700,17850,1489583,LG디스플레이
173834,20190625,17850,17950,17600,17600,984232,LG디스플레이
173835,20190626,17600,17900,17550,17550,860611,LG디스플레이
173836,20190627,17650,17900,17550,17750,974475,LG디스플레이
173837,20190628,17800,17950,17650,17850,814263,LG디스플레이
173838,20190701,17800,17850,17200,17500,1637722,LG디스플레이
173839,20190702,17450,17550,17350,17500,839140,LG디스플레이
173840,20190703,17500,17550,17200,17400,1129898,LG디스플레이
173841,20190704,17350,17650,17250,17500,836284,LG디스플레이
173842,20190705,17450,17650,17300,17400,797418,LG디스플레이
173843,20190708,17300,17300,16450,16550,2269949,LG디스플레이
173844,20190709,16600,16800,16400,16500,1305885,LG디스플레이
173845,20190710,16600,17000,16550,16800,1046068,LG디스플레이
173846,20190711,16850,17200,16800,16800,1875575,LG디스플레이
173847,20190712,16900,17150,16800,17050,613410,LG디스플레이
173848,20190715,17050,17150,16900,16950,582972,LG디스플레이
173849,20190716,17050,17300,17000,17150,682521,LG디스플레이
173850,20190717,17200,17250,16800,16950,776484,LG디스플레이
173851,20190718,16900,17100,16600,16750,994155,LG디스플레이
173852,20190719,16550,16900,16350,16800,1984158,LG디스플레이
173853,20190722,16850,17050,16600,16850,710974,LG디스플레이
173854,20190723,17150,17400,17000,17050,1462129,LG디스플레이
173855,20190724,16700,16850,16350,16400,2296540,LG디스플레이
173856,20190725,16450,16500,15900,16050,2580377,LG디스플레이
173857,20190726,15750,15950,15650,15850,1677820,LG디스플레이
173858,20190729,15850,15950,15600,15700,1219896,LG디스플레이
173859,20190730,15600,15850,15600,15750,713947,LG디스플레이
173860,20190731,15100,15100,14250,14500,12170624,LG디스플레이
173861,20190801,14400,14650,14400,14400,2553640,LG디스플레이
173862,20190802,13950,14200,13550,13600,4849174,LG디스플레이
173863,20190805,13400,13450,12700,12950,6358682,LG디스플레이
173864,20190806,12500,13300,12450,12750,4270975,LG디스플레이
173865,20190807,12700,13050,12550,12650,2794093,LG디스플레이
173866,20190808,12850,13150,12750,13000,2283759,LG디스플레이
173867,20190809,13100,13250,12750,12750,2555468,LG디스플레이
173868,20190812,12850,12900,12550,12700,1707366,LG디스플레이
173869,20190813,12700,13150,12650,12650,2127904,LG디스플레이
173870,20190814,12900,13000,12800,12850,1884473,LG디스플레이
173871,20190816,12700,12800,12550,12650,1347119,LG디스플레이
173872,20190819,12850,13000,12750,12900,1449499,LG디스플레이
173873,20190820,13000,13200,12900,13150,1642047,LG디스플레이
173874,20190821,13050,13150,12950,13000,1635870,LG디스플레이
173875,20190822,13000,13150,12900,13000,1842002,LG디스플레이
173876,20190823,12900,13000,12850,12850,922818,LG디스플레이
173877,20190826,12600,12700,12500,12500,1378767,LG디스플레이
173878,20190827,12650,12750,12550,12600,1248555,LG디스플레이
173879,20190828,12700,12750,12500,12750,1133139,LG디스플레이
173880,20190829,12800,13150,12650,13100,1515231,LG디스플레이
173881,20190830,13300,14050,13250,13950,4674155,LG디스플레이
173882,20190902,14200,14500,13850,13900,3080202,LG디스플레이
173883,20190903,13950,14400,13900,14200,2083192,LG디스플레이
173884,20190904,14250,14350,14000,14300,1485830,LG디스플레이
173885,20190905,14500,14650,14050,14150,2807457,LG디스플레이
173886,20190906,14300,14600,14200,14350,2024855,LG디스플레이
173887,20190909,14450,14600,14250,14250,1451731,LG디스플레이
173888,20190910,14350,14450,14200,14250,1085045,LG디스플레이
173889,20190911,14400,14800,14250,14800,3420374,LG디스플레이
173890,20190916,14850,14950,14600,14950,2282128,LG디스플레이
173891,20190917,14900,15100,14600,14700,2299707,LG디스플레이
173892,20190918,14600,14650,14150,14350,3249490,LG디스플레이
173893,20190919,14400,14800,14350,14700,2101971,LG디스플레이
173894,20190920,14750,14800,14500,14600,1484495,LG디스플레이
173895,20190923,14550,14550,14100,14250,2023134,LG디스플레이
173896,20190924,14300,14400,14200,14300,1612079,LG디스플레이
173897,20190925,14250,14350,14100,14150,1450335,LG디스플레이
173898,20190926,14250,14300,13900,14000,1462355,LG디스플레이
173899,20190927,14000,14100,13700,13700,938123,LG디스플레이
173900,20190930,13650,14200,13650,14150,1249666,LG디스플레이
173901,20191001,14150,14250,13950,14050,1141953,LG디스플레이
173902,20191002,13900,14000,13500,13550,1748240,LG디스플레이
173903,20191004,13500,13900,13450,13450,1519099,LG디스플레이
173904,20191007,13500,13650,13250,13450,1248895,LG디스플레이
173905,20191008,13300,13650,13200,13550,1204880,LG디스플레이
173906,20191010,13600,14200,13550,14050,2801585,LG디스플레이
173907,20191011,14300,14350,14100,14200,1440394,LG디스플레이
173908,20191014,14400,14450,14150,14250,1151558,LG디스플레이
173909,20191015,14400,14400,14150,14200,730362,LG디스플레이
173910,20191016,14300,14500,14150,14300,1598714,LG디스플레이
173911,20191017,14350,14450,14100,14150,874163,LG디스플레이
173912,20191018,14200,14300,13950,14000,851310,LG디스플레이
173913,20191021,14000,14600,14000,14550,2544890,LG디스플레이
173914,20191022,14550,14650,14300,14500,1725536,LG디스플레이
173915,20191023,14450,14500,14100,14200,2446112,LG디스플레이
173916,20191024,13900,14050,13350,13800,2554816,LG디스플레이
173917,20191025,13800,13900,13500,13700,1328344,LG디스플레이
173918,20191028,13750,14200,13700,13800,1293591,LG디스플레이
173919,20191029,13900,14000,13600,13700,1028777,LG디스플레이
173920,20191030,13600,13700,13500,13500,1364216,LG디스플레이
173921,20191031,13550,13800,13500,13650,1263752,LG디스플레이
173922,20191101,13550,13700,13300,13300,1615715,LG디스플레이
173923,20191104,13450,13900,13450,13800,1926460,LG디스플레이
173924,20191105,13850,14600,13850,14550,2978553,LG디스플레이
173925,20191106,14600,14750,14350,14650,1889288,LG디스플레이
173926,20191107,14600,14600,14150,14150,1825253,LG디스플레이
173927,20191108,14300,14700,14050,14500,1614797,LG디스플레이
173928,20191111,14500,14550,14200,14300,1018636,LG디스플레이
173929,20191112,14400,14550,14250,14550,974598,LG디스플레이
173930,20191113,14500,14600,14300,14400,878073,LG디스플레이
173931,20191114,14400,14550,14350,14500,1005907,LG디스플레이
173932,20191115,14450,14600,14400,14550,1246968,LG디스플레이
173933,20191118,14650,14700,14450,14550,846590,LG디스플레이
173934,20191119,14500,14600,14350,14500,1123623,LG디스플레이
173935,20191120,14450,14500,14100,14150,1570833,LG디스플레이
173936,20191121,14050,14150,13700,13800,2103775,LG디스플레이
173937,20191122,13750,13800,13500,13550,1732485,LG디스플레이
173938,20191125,13550,13850,13550,13700,853946,LG디스플레이
173939,20191126,13800,14300,13750,14150,2153368,LG디스플레이
173940,20191127,14200,14250,13900,13950,1099012,LG디스플레이
173941,20191128,13900,14800,13850,14750,4722787,LG디스플레이
173942,20191129,14850,15250,14600,14700,3430664,LG디스플레이
173943,20191202,15000,15050,14700,14950,2782763,LG디스플레이
173944,20191203,14750,15000,14550,15000,1435941,LG디스플레이
173945,20191204,14750,14800,14450,14500,2570783,LG디스플레이
173946,20191205,14650,15000,14650,14750,1932565,LG디스플레이
173947,20191206,14900,15000,14600,14700,1788416,LG디스플레이
173948,20191209,15000,16100,15000,16100,7738658,LG디스플레이
173949,20191210,16200,16300,15950,16200,2599391,LG디스플레이
173950,20191211,16150,16250,15750,15800,1811847,LG디스플레이
173951,20191212,15950,16150,15700,16050,2758120,LG디스플레이
173952,20191213,16300,16350,15850,15950,2206132,LG디스플레이
173953,20191216,15950,16450,15950,16350,2914872,LG디스플레이
173954,20191217,16300,16450,15900,16350,2338262,LG디스플레이
173955,20191218,16350,16400,16050,16150,1573974,LG디스플레이
173956,20191219,16150,16250,15900,16100,1190264,LG디스플레이
173957,20191220,16150,16300,16000,16200,1548242,LG디스플레이
173958,20191223,16350,16350,16000,16000,961050,LG디스플레이
173959,20191224,16050,16050,15600,15650,1571099,LG디스플레이
173960,20191226,15700,15900,15650,15850,1107830,LG디스플레이
173961,20191227,15850,16400,15850,16350,1802944,LG디스플레이
173962,20191230,16350,16600,16200,16250,1275118,LG디스플레이
173963,20200102,16450,16500,16250,16350,1240852,LG디스플레이
173964,20200103,16550,16800,16200,16250,2113024,LG디스플레이
173965,20200106,16050,16350,15950,16000,1346891,LG디스플레이
173966,20200107,16100,16700,16100,16350,2202019,LG디스플레이
173967,20200108,16200,16250,15650,15650,2625706,LG디스플레이
173968,20200109,16000,16100,15600,15750,3099582,LG디스플레이
173969,20200110,15700,16050,15700,15900,1696259,LG디스플레이
173970,20200113,15900,16050,15200,15400,3659196,LG디스플레이
173971,20200114,15450,15750,15400,15700,2393726,LG디스플레이
173972,20200115,15700,15700,15400,15600,1196754,LG디스플레이
173973,20200116,15550,15550,15250,15550,1745423,LG디스플레이
173974,20200117,15650,15900,15550,15850,1926320,LG디스플레이
173975,20200120,15900,15950,15250,15250,2865369,LG디스플레이
173976,20200121,15300,15550,15250,15300,1146667,LG디스플레이
173977,20200122,15300,15400,15050,15150,1997654,LG디스플레이
173978,20200123,15200,15200,14800,14850,1716780,LG디스플레이
173979,20200128,14500,14850,14450,14600,2275666,LG디스플레이
173980,20200129,14750,15050,14700,14800,1472424,LG디스플레이
173981,20200130,14850,15050,14450,14750,2229929,LG디스플레이
173982,20200131,14800,15550,14800,15400,4270468,LG디스플레이
173983,20200203,15100,15400,14750,15050,3261314,LG디스플레이
173984,20200204,15100,16000,15100,16000,4247243,LG디스플레이
173985,20200205,16150,16200,15750,15900,2905980,LG디스플레이
173986,20200206,16200,16650,16150,16600,3835888,LG디스플레이
173987,20200207,16600,16600,16000,16200,2317412,LG디스플레이
173988,20200210,16200,16250,15950,16150,1594189,LG디스플레이
173989,20200211,16250,16300,16050,16150,1307839,LG디스플레이
173990,20200212,16300,16650,16200,16350,2712631,LG디스플레이
173991,20200213,16500,16500,15750,15900,3096940,LG디스플레이
173992,20200214,15950,16000,15700,15800,1721399,LG디스플레이
173993,20200217,15850,16000,15650,15750,1235520,LG디스플레이
173994,20200218,15800,16400,15600,15600,3194637,LG디스플레이
173995,20200219,15650,15900,15600,15700,1709576,LG디스플레이
173996,20200220,15900,15950,15300,15400,2070740,LG디스플레이
173997,20200221,15100,15500,15050,15100,2081392,LG디스플레이
173998,20200224,14900,15100,14800,14800,2347179,LG디스플레이
173999,20200225,14900,15150,14700,14800,1925059,LG디스플레이
174000,20200226,14700,14850,14450,14550,1838802,LG디스플레이
174001,20200227,14550,14700,14050,14250,2731762,LG디스플레이
174002,20200228,14050,14150,13500,13600,3704643,LG디스플레이
174003,20200302,13750,13850,13400,13500,2508960,LG디스플레이
174004,20200303,13900,14100,13800,13900,2827212,LG디스플레이
174005,20200304,13850,14200,13850,14100,2324958,LG디스플레이
174006,20200305,14350,14350,14050,14300,2516672,LG디스플레이
174007,20200306,14050,14200,13950,14150,2261298,LG디스플레이
174008,20200309,13800,13850,12950,13050,3743057,LG디스플레이
174009,20200310,12800,13100,12700,13000,4297047,LG디스플레이
174010,20200311,13050,13300,12700,12950,3365107,LG디스플레이
174011,20200312,12850,12900,11800,12100,5584879,LG디스플레이
174012,20200313,10750,11650,10500,11300,8381686,LG디스플레이
174013,20200316,11500,11650,10800,10800,4055023,LG디스플레이
174014,20200317,10350,11050,10200,10700,3458139,LG디스플레이
174015,20200318,10850,11050,9980,9980,3593393,LG디스플레이
174016,20200319,10200,10350,8850,8900,7779555,LG디스플레이
174017,20200320,9100,10300,9100,10300,4192287,LG디스플레이
174018,20200323,9500,9720,9210,9370,3396532,LG디스플레이
174019,20200324,9610,10250,9500,10250,3739858,LG디스플레이
174020,20200325,10750,10950,10450,10750,4920992,LG디스플레이
174021,20200326,10850,11300,10500,10750,4403332,LG디스플레이
174022,20200327,11250,12050,10750,11250,5865020,LG디스플레이
174023,20200330,10850,11200,10650,11150,3023712,LG디스플레이
174024,20200331,11300,11400,10800,11100,2880302,LG디스플레이
174025,20200401,10900,11100,10600,10600,2231413,LG디스플레이
174026,20200402,10600,10900,10450,10900,1811635,LG디스플레이
174027,20200403,10850,11000,10500,10650,1872529,LG디스플레이
174028,20200406,10700,11150,10700,11100,1901519,LG디스플레이
174029,20200407,11400,11500,11000,11200,2918999,LG디스플레이
174030,20200408,11200,11250,11000,11050,1871119,LG디스플레이
174031,20200409,11400,11450,11100,11300,2328312,LG디스플레이
174032,20200410,11450,11750,11250,11450,3326992,LG디스플레이
174033,20200413,11450,11450,11000,11050,1915633,LG디스플레이
174034,20200414,11200,11300,11100,11200,1888735,LG디스플레이
174035,20200416,11050,11250,10950,11150,1526549,LG디스플레이
174036,20200417,11250,11750,11250,11500,4254959,LG디스플레이
174037,20200420,11550,11550,11250,11300,2256022,LG디스플레이
174038,20200421,11200,11500,11000,11100,2738827,LG디스플레이
174039,20200422,11000,11050,10650,10850,2613664,LG디스플레이
174040,20200423,10950,11200,10850,10900,2182482,LG디스플레이
174041,20200424,10800,10850,10550,10550,2310302,LG디스플레이
174042,20200427,10600,10950,10550,10850,1808437,LG디스플레이
174043,20200428,10950,11300,10850,11100,2925848,LG디스플레이
174044,20200429,11150,11300,11050,11050,2339489,LG디스플레이
174045,20200504,10850,10950,10650,10700,2171298,LG디스플레이
174046,20200506,10900,10950,10800,10950,1486919,LG디스플레이
174047,20200507,10850,10900,10700,10800,1417068,LG디스플레이
174048,20200508,10900,11150,10850,10900,1837812,LG디스플레이
174049,20200511,10900,10950,10750,10750,1260476,LG디스플레이
174050,20200512,10750,10800,10350,10400,2209682,LG디스플레이
174051,20200513,10300,10450,10200,10400,1866611,LG디스플레이
174052,20200514,10250,10300,10000,10300,3184707,LG디스플레이
174053,20200515,10300,10350,10100,10150,1231868,LG디스플레이
174054,20200518,10200,10250,10050,10250,1171644,LG디스플레이
174055,20200519,10450,10650,10400,10650,2556851,LG디스플레이
174056,20200520,10600,10600,10450,10550,1445262,LG디스플레이
174057,20200521,10650,10750,10550,10700,2004038,LG디스플레이
174058,20200522,10650,10650,10150,10250,2796866,LG디스플레이
174059,20200525,10350,10350,10200,10250,1567539,LG디스플레이
174060,20200526,10300,10700,10250,10550,3401512,LG디스플레이
174061,20200527,10600,10850,10500,10650,2632670,LG디스플레이
174062,20200528,10850,10900,10350,10550,2625697,LG디스플레이
174063,20200529,10450,10500,10200,10200,3860506,LG디스플레이
174064,20200601,10250,10650,10250,10650,2552725,LG디스플레이
174065,20200602,10650,11350,10600,11100,5562644,LG디스플레이
174066,20200603,11450,11900,11200,11800,8077649,LG디스플레이
174067,20200604,12100,12550,11650,12000,7695385,LG디스플레이
174068,20200605,12100,12150,11600,12100,3804588,LG디스플레이
174069,20200608,12450,12800,12150,12750,5597187,LG디스플레이
174070,20200609,12900,13100,12550,12650,4839697,LG디스플레이
174071,20200610,12700,12750,12300,12600,4229334,LG디스플레이
174072,20200611,12550,12550,11900,12150,5451331,LG디스플레이
174073,20200612,11550,11800,11450,11650,4066174,LG디스플레이
174074,20200615,11550,11950,11000,11000,3822273,LG디스플레이
174075,20200616,11400,11750,11350,11700,2563988,LG디스플레이
174076,20200617,11650,12100,11550,11900,2761343,LG디스플레이
174077,20200618,11850,12000,11700,11700,1549737,LG디스플레이
174078,20200619,11950,12000,11600,11750,2333360,LG디스플레이
174079,20200622,11650,11800,11600,11750,1250682,LG디스플레이
174080,20200623,11950,12300,11800,11900,3383667,LG디스플레이
174081,20200624,12150,12200,11950,12000,1971911,LG디스플레이
174082,20200625,11750,11800,11500,11500,1823799,LG디스플레이
174083,20200626,11600,11700,11450,11600,1550110,LG디스플레이
174084,20200629,11400,11500,11200,11250,1565025,LG디스플레이
174085,20200630,11450,11600,11350,11350,1360458,LG디스플레이
174086,20200701,11650,11850,11500,11750,1881701,LG디스플레이
174087,20200702,12000,12000,11750,11750,1318426,LG디스플레이
174088,20200703,11900,11950,11600,11650,1239187,LG디스플레이
174089,20200706,11750,12900,11650,12800,6978606,LG디스플레이
174090,20200707,12850,13100,12200,12200,4885103,LG디스플레이
174091,20200708,12300,12600,12200,12250,2348815,LG디스플레이
174092,20200709,12500,12700,12200,12250,2710482,LG디스플레이
174093,20200710,12300,12300,11950,12200,2029556,LG디스플레이
174094,20200713,12500,12700,12300,12450,2538507,LG디스플레이
174095,20200714,12400,12450,12200,12450,1560728,LG디스플레이
174096,20200715,12650,12850,12500,12700,2910039,LG디스플레이
174097,20200716,12750,12850,12600,12750,1438333,LG디스플레이
174098,20200717,12750,12800,12550,12600,1080943,LG디스플레이
174099,20200720,12650,12650,12450,12650,1151788,LG디스플레이
174100,20200721,12800,13250,12700,13100,3858036,LG디스플레이
174101,20200722,13150,13300,12850,12900,2733250,LG디스플레이
174102,20200723,12850,12850,12550,12750,1862511,LG디스플레이
174103,20200724,12800,12950,12350,12350,3005545,LG디스플레이
174104,20200727,12350,12500,12150,12250,1615695,LG디스플레이
174105,20200728,12400,12550,12250,12400,2331110,LG디스플레이
174106,20200729,12550,12800,12450,12550,1987733,LG디스플레이
174107,20200730,12650,12850,12550,12800,2070225,LG디스플레이
174108,20200731,12850,13050,12600,12600,1661670,LG디스플레이
174109,20200803,12650,12650,12300,12400,1518351,LG디스플레이
174110,20200804,12400,12500,12300,12500,1822439,LG디스플레이
174111,20200805,12500,12500,12300,12450,1424761,LG디스플레이
174112,20200806,12700,12800,12500,12600,2131227,LG디스플레이
174113,20200807,12650,12700,12350,12400,1510924,LG디스플레이
174114,20200810,12450,13200,12400,13150,5966549,LG디스플레이
174115,20200811,13200,13350,12900,13150,3378387,LG디스플레이
174116,20200812,13050,13250,12800,13150,2681052,LG디스플레이
174117,20200813,13450,13900,13150,13250,6314005,LG디스플레이
174118,20200814,13300,13950,13200,13700,4977332,LG디스플레이
174119,20200818,13700,13750,12850,13000,4192002,LG디스플레이
174120,20200819,13000,13200,12800,12900,2011512,LG디스플레이
174121,20200820,12850,13050,12500,12550,2943718,LG디스플레이
174122,20200821,12850,13600,12800,13350,5879552,LG디스플레이
174123,20200824,13650,15200,13500,15100,16215702,LG디스플레이
174124,20200825,15200,15400,14800,15150,6737779,LG디스플레이
174125,20200826,15100,15800,14850,15350,8143707,LG디스플레이
174126,20200827,15400,15600,14850,14950,4824965,LG디스플레이
174127,20200828,15150,15600,14800,14850,5436465,LG디스플레이
174128,20200831,14950,15100,14550,14600,3740750,LG디스플레이
174129,20200901,14600,14950,14550,14900,2362025,LG디스플레이
174130,20200902,15000,15350,14550,14900,3540764,LG디스플레이
174131,20200903,15000,15100,14650,14850,2704839,LG디스플레이
174132,20200904,14250,14950,14250,14850,3702015,LG디스플레이
174133,20200907,14950,15750,14850,15500,7013744,LG디스플레이
174134,20200908,15650,16050,15400,15950,4747935,LG디스플레이
174135,20200909,15700,16400,15500,15950,4984989,LG디스플레이
174136,20200910,16150,16400,15950,16400,3415847,LG디스플레이
174137,20200911,16350,16850,16200,16750,3803433,LG디스플레이
174138,20200914,16950,17150,16450,16600,3095395,LG디스플레이
174139,20200915,16600,16650,16050,16250,3019521,LG디스플레이
174140,20200916,16250,16450,16000,16050,2631504,LG디스플레이
174141,20200917,16200,16450,15900,16100,2938524,LG디스플레이
174142,20200918,16100,16200,15950,16150,1413514,LG디스플레이
174143,20200921,16150,16500,16100,16250,2357525,LG디스플레이
174144,20200922,16350,16400,15700,15700,2479103,LG디스플레이
174145,20200923,15900,16100,15250,15900,2103162,LG디스플레이
174146,20200924,15600,15750,15100,15100,2427886,LG디스플레이
174147,20200925,15350,15400,14900,14950,1655989,LG디스플레이
174148,20200928,15150,15300,14950,15100,1013686,LG디스플레이
174149,20200929,15300,15650,15250,15350,1584303,LG디스플레이
174150,20201005,15250,15650,15100,15650,1503877,LG디스플레이
174151,20201006,15850,15850,15350,15400,2072722,LG디스플레이
174152,20201007,15150,15400,15000,15250,1662039,LG디스플레이
174153,20201008,15450,15950,15300,15850,3218408,LG디스플레이
174154,20201012,16050,16150,15700,15900,1885315,LG디스플레이
174155,20201013,16050,16200,15700,16150,2840181,LG디스플레이
174156,20201014,16250,16700,16250,16450,4452739,LG디스플레이
174157,20201015,16300,16350,15950,16150,2361441,LG디스플레이
174158,20201016,16100,16300,15500,15700,1882094,LG디스플레이
174159,20201019,15900,16200,15750,15750,1465651,LG디스플레이
174160,20201020,15750,15950,15500,15750,1418515,LG디스플레이
174161,20201021,15750,15900,15550,15800,1278212,LG디스플레이
174162,20201022,15700,16000,15550,15750,1572096,LG디스플레이
174163,20201023,16150,16150,15300,15300,3326959,LG디스플레이
174164,20201026,15250,15300,14850,14900,2387377,LG디스플레이
174165,20201027,14800,15100,14650,14800,1923859,LG디스플레이
174166,20201028,14700,14800,14450,14800,1792062,LG디스플레이
174167,20201029,14500,14550,14300,14450,1930608,LG디스플레이
174168,20201030,14500,14600,14050,14050,1955108,LG디스플레이
174169,20201102,14100,14400,14100,14350,963848,LG디스플레이
174170,20201103,14450,14900,14450,14850,1688681,LG디스플레이
174171,20201104,15100,15100,14600,14700,1358582,LG디스플레이
174172,20201105,14900,14900,14750,14900,1375193,LG디스플레이
174173,20201106,14900,15200,14850,14950,1444180,LG디스플레이
174174,20201109,15200,15300,15000,15200,1437537,LG디스플레이
174175,20201110,15300,15350,14800,14900,1972674,LG디스플레이
174176,20201111,14850,15150,14850,15150,1686159,LG디스플레이
174177,20201112,15150,15200,14900,15000,2181372,LG디스플레이
174178,20201113,14900,14950,14700,14750,1670130,LG디스플레이
174179,20201116,14850,15050,14800,14950,1926277,LG디스플레이
174180,20201117,15000,15150,14750,14900,2085679,LG디스플레이
174181,20201118,14850,15000,14750,14850,1553428,LG디스플레이
174182,20201119,14800,14850,14500,14650,1993261,LG디스플레이
174183,20201120,14750,15200,14700,15150,2451071,LG디스플레이
174184,20201123,15350,15700,15150,15400,3205194,LG디스플레이
174185,20201124,15500,15650,15250,15450,2991226,LG디스플레이
174186,20201125,15700,16350,15600,15800,6620634,LG디스플레이
174187,20201126,15850,16200,15500,15650,2801390,LG디스플레이
174188,20201127,15700,16000,15550,15750,1931714,LG디스플레이
174189,20201130,15900,15950,15250,15250,3577184,LG디스플레이
174190,20201201,15500,15850,15300,15800,2028154,LG디스플레이
174191,20201202,15900,16000,15600,15850,2217495,LG디스플레이
174192,20201203,15900,16150,15700,16000,2591225,LG디스플레이
174193,20201204,16050,16550,15950,16400,5604662,LG디스플레이
174194,20201207,16550,16650,15900,16100,3319644,LG디스플레이
174195,20201208,16150,16400,15900,16050,3186318,LG디스플레이
174196,20201209,16100,16200,16000,16100,1985256,LG디스플레이
174197,20201210,16050,16650,15900,16650,4684513,LG디스플레이
174198,20201211,16700,16850,16400,16650,3312572,LG디스플레이
174199,20201214,16650,16950,16550,16800,2900267,LG디스플레이
174200,20201215,16950,18100,16850,17950,12241478,LG디스플레이
174201,20201216,18100,18250,17800,17950,4746079,LG디스플레이
174202,20201217,18050,18500,17550,18400,5377127,LG디스플레이
174203,20201218,18450,18600,17900,17950,3366724,LG디스플레이
174204,20201221,18000,18000,17450,17600,3009124,LG디스플레이
174205,20201222,17500,17850,17050,17150,3079683,LG디스플레이
174206,20201223,17250,20750,17000,18250,41667728,LG디스플레이
174207,20201224,18450,18550,17550,17850,7122580,LG디스플레이
174208,20201228,17950,18750,17950,18050,9528001,LG디스플레이
174209,20201229,18450,19300,18350,18600,5852611,LG디스플레이
174210,20201230,18550,18650,18350,18550,3159657,LG디스플레이
174211,20210104,18850,19300,18850,19050,5330672,LG디스플레이
174212,20210105,19000,19150,18500,18800,4085421,LG디스플레이
174213,20210106,19150,19850,19100,19550,8004749,LG디스플레이
174214,20210107,19700,20250,19350,19900,8022046,LG디스플레이
174215,20210108,20200,20200,19500,20000,4932619,LG디스플레이
174216,20210111,20250,20650,18950,19600,8889305,LG디스플레이
174217,20210112,19600,20250,19350,20000,6454986,LG디스플레이
174218,20210113,20650,21100,20300,20450,6674833,LG디스플레이
174219,20210114,20250,21500,20150,21500,9918191,LG디스플레이
174220,20210115,21850,22150,21000,21050,5966672,LG디스플레이
174221,20210118,20650,20950,20250,20650,3783024,LG디스플레이
174222,20210119,20800,21250,20650,21000,3526661,LG디스플레이
174223,20210120,21100,21400,20800,21250,3630115,LG디스플레이
174224,20210121,21650,24150,21400,23300,28035650,LG디스플레이
174225,20210122,23550,24250,23000,23550,9566260,LG디스플레이
174226,20210125,23550,23750,23100,23550,3970201,LG디스플레이
174227,20210126,23650,24300,23300,24100,6844903,LG디스플레이
174228,20210127,24700,24950,22900,22900,8529941,LG디스플레이
174229,20210128,22400,23650,21900,23000,6207297,LG디스플레이
174230,20210129,23450,23550,21700,21750,6345072,LG디스플레이
174231,20210201,21900,22850,21200,22750,4883218,LG디스플레이
174232,20210202,23050,23400,22350,22800,4436303,LG디스플레이
174233,20210203,23050,23100,22400,22750,3195141,LG디스플레이
174234,20210204,22900,23750,22700,23350,6167015,LG디스플레이
174235,20210205,23550,23600,23000,23200,2439024,LG디스플레이
174236,20210208,23200,23300,22750,23000,2793316,LG디스플레이
174237,20210209,23100,23950,23000,23450,6021038,LG디스플레이
174238,20210210,23650,23900,23500,23750,3927078,LG디스플레이
174239,20210215,24350,24900,24100,24850,5495342,LG디스플레이
174240,20210216,25150,25350,24500,24900,4096120,LG디스플레이
174241,20210217,24800,24900,24200,24750,2807561,LG디스플레이
174242,20210218,24750,25050,24050,24050,2994732,LG디스플레이
174243,20210219,24100,24900,24050,24800,3908207,LG디스플레이
174244,20210222,25150,25200,24550,24850,2877212,LG디스플레이
174245,20210223,24500,25150,24350,24750,3137917,LG디스플레이
174246,20210224,24800,24850,23400,23400,4020060,LG디스플레이
174247,20210225,24000,24100,23450,23700,2747317,LG디스플레이
174248,20210226,22850,23300,22500,22600,5206863,LG디스플레이
174249,20210302,23300,23450,22750,23000,3006652,LG디스플레이
174250,20210303,22950,23150,22750,22900,1868719,LG디스플레이
174251,20210304,22650,23050,22400,22700,2109406,LG디스플레이
174252,20210305,22300,22650,21750,22500,3385112,LG디스플레이
174253,20210308,22750,22800,22100,22100,1795500,LG디스플레이
174254,20210309,22000,22400,21550,22050,2791460,LG디스플레이
174255,20210310,22550,22600,21800,21800,1895791,LG디스플레이
174256,20210311,21900,22400,21650,22400,2672205,LG디스플레이
174257,20210312,22550,23000,22500,22700,1760257,LG디스플레이
174258,20210315,22650,22700,22200,22200,1331372,LG디스플레이
174259,20210316,22450,22700,22300,22450,1766689,LG디스플레이
174260,20210317,22550,22550,21900,22150,2083303,LG디스플레이
174261,20210318,22300,22500,21950,21950,2411499,LG디스플레이
174262,20210319,21600,21750,21400,21750,2491258,LG디스플레이
174263,20210322,21900,22550,21650,22500,2738736,LG디스플레이
174264,20210323,22800,23350,22100,22350,4602567,LG디스플레이
174265,20210324,22150,22350,21850,22200,1531799,LG디스플레이
174266,20210325,22150,22300,21850,21900,1843948,LG디스플레이
174267,20210326,22050,22200,21950,21950,1481145,LG디스플레이
174268,20210329,22050,22050,21500,21950,1868353,LG디스플레이
174269,20210330,22150,22850,22050,22300,3030788,LG디스플레이
174270,20210331,22350,22900,22300,22750,2520304,LG디스플레이
174271,20210401,22900,22950,22400,22500,2078109,LG디스플레이
174272,20210402,22800,22900,22600,22900,1523849,LG디스플레이
174273,20210405,23100,24650,22900,24600,9200249,LG디스플레이
174274,20210406,24600,26150,24350,25850,14103251,LG디스플레이
174275,20210407,26000,26300,25000,25600,7555755,LG디스플레이
174276,20210408,25500,26050,24750,25000,5603726,LG디스플레이
174277,20210409,25100,26100,24750,25400,8211753,LG디스플레이
174278,20210412,25650,25750,24600,24700,3808372,LG디스플레이
174279,20210413,24800,25050,24300,24650,3983903,LG디스플레이
174280,20210414,24750,25100,24400,24600,2372218,LG디스플레이
174281,20210415,24650,25450,24650,25150,3738889,LG디스플레이
174282,20210416,25300,25450,24600,24700,2340034,LG디스플레이
174283,20210419,24700,24900,24450,24700,2286696,LG디스플레이
174284,20210420,24650,25200,24650,24750,2073292,LG디스플레이
174285,20210421,24850,25000,24300,24900,2904688,LG디스플레이
174286,20210422,25500,26650,25300,26400,10914551,LG디스플레이
174287,20210423,26350,27350,26050,27050,7400859,LG디스플레이
174288,20210426,27350,27600,26250,26500,5735501,LG디스플레이
174289,20210427,26650,27500,26150,27050,5741706,LG디스플레이
174290,20210428,27250,27400,26000,26200,4517807,LG디스플레이
174291,20210429,25700,26350,25200,25250,6269690,LG디스플레이
174292,20210430,25250,25300,24100,24300,6000759,LG디스플레이
174293,20210503,24300,25000,23550,24100,7041480,LG디스플레이
174294,20210504,24100,24300,23350,23950,4380216,LG디스플레이
174295,20210506,24050,24250,23850,24150,3597757,LG디스플레이
174296,20210507,24200,25050,23950,24700,4808365,LG디스플레이
174297,20210510,24950,24950,24450,24650,2821269,LG디스플레이
174298,20210511,24300,24550,23250,23350,6080934,LG디스플레이
174299,20210512,23300,23750,22450,22700,5435970,LG디스플레이
174300,20210513,22150,22350,21700,21900,7004971,LG디스플레이
174301,20210514,22100,22400,21900,22000,3037543,LG디스플레이
174302,20210517,22350,22650,22000,22200,2697612,LG디스플레이
174303,20210518,22150,23200,22150,23150,3287855,LG디스플레이
174304,20210520,22950,23000,22350,22400,3350294,LG디스플레이
174305,20210521,22700,23450,22650,22800,4262889,LG디스플레이
174306,20210524,22850,23100,22400,22900,2064884,LG디스플레이
174307,20210525,23100,23150,22550,22800,2489440,LG디스플레이
174308,20210526,22700,23250,22650,22850,1782619,LG디스플레이
174309,20210527,22850,22900,22400,22850,2912055,LG디스플레이
174310,20210528,22950,23650,22850,23400,3616826,LG디스플레이
174311,20210531,23450,24050,23250,24000,3558997,LG디스플레이
174312,20210601,24050,24700,23750,24600,5046067,LG디스플레이
174313,20210602,24700,24700,24000,24100,2634602,LG디스플레이
174314,20210603,24200,24600,23800,23950,2602746,LG디스플레이
174315,20210604,23950,23950,23250,23450,4038526,LG디스플레이
174316,20210607,23550,23850,23300,23700,2558492,LG디스플레이
174317,20210608,23650,23950,23250,23500,2884105,LG디스플레이
174318,20210609,23400,23450,22900,23050,3003996,LG디스플레이
174319,20210610,22950,23150,22650,22950,3344194,LG디스플레이
174320,20210611,23000,23250,22850,22850,2431103,LG디스플레이
174321,20210614,23100,23400,22850,23150,2142021,LG디스플레이
